Survived,Pclass,Sex,Age,SibSp,Parch,Fare,Embarked,Family_Size,is_alone,Age_x_Pclass,FarePerPerson,AgeGroup,FamilySize,AgeFareRatio,IsChild,IsRich
0,3,1,22.0,1,0,7.25,0,2,0,66.0,3.625,2,2,2.6666666666666665,0,0
1,1,0,38.0,1,0,71.2833,1,2,0,38.0,35.64165,3,2,0.5257092578783757,0,1
1,3,0,26.0,0,0,7.925,0,1,1,78.0,7.925,2,1,2.9131652661064424,0,0
1,1,0,35.0,1,0,53.1,0,2,0,35.0,26.55,2,2,0.6469500924214417,0,1
0,3,1,35.0,0,0,8.05,0,1,1,105.0,8.05,2,1,3.867403314917127,0,0
0,3,1,28.0,0,0,8.4583,2,1,1,84.0,8.4583,2,1,2.960362855904338,0,0
0,1,1,54.0,0,0,51.8625,0,1,1,54.0,51.8625,3,1,1.0215180893828328,0,1
0,3,1,2.0,3,1,21.075,0,5,0,6.0,4.215,0,5,0.09060022650056626,1,1
1,3,0,27.0,0,2,11.1333,0,3,0,81.0,3.7111,2,3,2.2252808386836227,0,0
1,2,0,14.0,1,0,30.0708,1,2,0,28.0,15.0354,1,2,0.4505838279027254,1,1
1,3,0,4.0,1,1,16.7,0,3,0,12.0,5.566666666666666,0,3,0.22598870056497175,1,1
1,1,0,58.0,0,0,26.55,0,1,1,58.0,26.55,3,1,2.1052631578947367,0,1
0,3,1,20.0,0,0,8.05,0,1,1,60.0,8.05,2,1,2.209944751381215,0,0
0,3,1,39.0,1,5,31.275,0,7,0,117.0,4.4678571428571425,3,7,1.2083656080557708,0,1
0,3,0,14.0,0,0,7.8542,0,1,1,42.0,7.8542,1,1,1.5811705179462856,1,0
1,2,0,55.0,0,0,16.0,0,1,1,110.0,16.0,3,1,3.235294117647059,0,1
0,3,1,2.0,4,1,29.125,2,6,0,6.0,4.854166666666667,0,6,0.06639004149377593,1,1
1,2,1,28.0,0,0,13.0,0,1,1,56.0,13.0,2,1,2.0,0,0
0,3,0,31.0,1,0,18.0,0,2,0,93.0,9.0,2,2,1.631578947368421,0,1
1,3,0,28.0,0,0,7.225,1,1,1,84.0,7.225,2,1,3.404255319148936,0,0
0,2,1,35.0,0,0,26.0,0,1,1,70.0,26.0,2,1,1.2962962962962963,0,1
1,2,1,34.0,0,0,13.0,0,1,1,68.0,13.0,2,1,2.4285714285714284,0,0
1,3,0,15.0,0,0,8.0292,2,1,1,45.0,8.0292,1,1,1.6612767465556197,1,0
1,1,1,28.0,0,0,35.5,0,1,1,28.0,35.5,2,1,0.7671232876712328,0,1
0,3,0,8.0,3,1,21.075,0,5,0,24.0,4.215,0,5,0.36240090600226504,1,1
1,3,0,38.0,1,5,31.3875,0,7,0,114.0,4.483928571428572,3,7,1.1732921651871864,0,1
0,3,1,28.0,0,0,7.225,1,1,1,84.0,7.225,2,1,3.404255319148936,0,0
0,1,1,19.0,3,2,263.0,0,6,0,19.0,43.833333333333336,2,6,0.07196969696969698,0,1
1,3,0,28.0,0,0,7.8792,2,1,1,84.0,7.8792,2,1,3.1534372465987923,0,0
0,3,1,28.0,0,0,7.8958,0,1,1,84.0,7.8958,2,1,3.147552777715326,0,0
0,1,1,40.0,0,0,27.7208,1,1,1,40.0,27.7208,3,1,1.3927188657697558,0,1
1,1,0,28.0,1,0,146.5208,1,2,0,28.0,73.2604,2,2,0.18980374292981056,0,1
1,3,0,28.0,0,0,7.75,2,1,1,84.0,7.75,2,1,3.2,0,0
0,2,1,66.0,0,0,10.5,0,1,1,132.0,10.5,4,1,5.739130434782608,0,0
0,1,1,28.0,1,0,82.1708,1,2,0,28.0,41.0854,2,2,0.33665661506201694,0,1
0,1,1,42.0,1,0,52.0,0,2,0,42.0,26.0,3,2,0.7924528301886793,0,1
1,3,1,28.0,0,0,7.2292,1,1,1,84.0,7.2292,2,1,3.4025178632187822,0,0
0,3,1,21.0,0,0,8.05,0,1,1,63.0,8.05,2,1,2.320441988950276,0,0
0,3,0,18.0,2,0,18.0,0,3,0,54.0,6.0,1,3,0.9473684210526315,0,1
1,3,0,14.0,1,0,11.2417,1,2,0,42.0,5.62085,1,2,1.1436320118937728,1,0
0,3,0,40.0,1,0,9.475,0,2,0,120.0,4.7375,3,2,3.8186157517899764,0,0
0,2,0,27.0,1,0,21.0,0,2,0,54.0,10.5,2,2,1.2272727272727273,0,1
0,3,1,28.0,0,0,7.8958,1,1,1,84.0,7.8958,2,1,3.147552777715326,0,0
1,2,0,3.0,1,2,41.5792,1,4,0,6.0,10.3948,0,4,0.07045693672027657,1,1
1,3,0,19.0,0,0,7.8792,2,1,1,57.0,7.8792,2,1,2.139832417334895,0,0
0,3,1,28.0,0,0,8.05,0,1,1,84.0,8.05,2,1,3.0939226519337013,0,0
0,3,1,28.0,1,0,15.5,2,2,0,84.0,7.75,2,2,1.696969696969697,0,1
1,3,0,28.0,0,0,7.75,2,1,1,84.0,7.75,2,1,3.2,0,0
0,3,1,28.0,2,0,21.6792,1,3,0,84.0,7.226400000000001,2,3,1.2346114501393346,0,1
0,3,0,18.0,1,0,17.8,0,2,0,54.0,8.9,1,2,0.9574468085106382,0,1
0,3,1,7.0,4,1,39.6875,0,6,0,21.0,6.614583333333333,0,6,0.17204301075268819,1,1
0,3,1,21.0,0,0,7.8,0,1,1,63.0,7.8,2,1,2.3863636363636362,0,0
1,1,0,49.0,1,0,76.7292,1,2,0,49.0,38.3646,3,2,0.630393725909954,0,1
1,2,0,29.0,1,0,26.0,0,2,0,58.0,13.0,2,2,1.0740740740740742,0,1
0,1,1,65.0,0,1,61.9792,1,2,0,65.0,30.9896,4,2,1.0320867842081196,0,1
1,1,1,28.0,0,0,35.5,0,1,1,28.0,35.5,2,1,0.7671232876712328,0,1
1,2,0,21.0,0,0,10.5,0,1,1,42.0,10.5,2,1,1.826086956521739,0,0
0,3,1,28.5,0,0,7.2292,1,1,1,85.5,7.2292,2,1,3.4632771107762608,0,0
1,2,0,5.0,1,2,27.75,0,4,0,10.0,6.9375,0,4,0.17391304347826086,1,1
0,3,1,11.0,5,2,46.9,0,8,0,33.0,5.8625,0,8,0.22964509394572025,1,1
0,3,1,22.0,0,0,7.2292,1,1,1,66.0,7.2292,2,1,2.6734068925290435,0,0
1,1,0,38.0,0,0,80.0,0,1,1,38.0,80.0,3,1,0.4691358024691358,0,1
0,1,1,45.0,1,0,83.475,0,2,0,45.0,41.7375,3,2,0.5327019828351583,0,1
0,3,1,4.0,3,2,27.9,0,6,0,12.0,4.6499999999999995,0,6,0.1384083044982699,1,1
0,1,1,28.0,0,0,27.7208,1,1,1,28.0,27.7208,2,1,0.974903206038829,0,1
1,3,1,28.0,1,1,15.2458,1,3,0,84.0,5.081933333333333,2,3,1.723522387324724,0,1
1,2,0,29.0,0,0,10.5,0,1,1,58.0,10.5,2,1,2.5217391304347827,0,0
0,3,1,19.0,0,0,8.1583,0,1,1,57.0,8.1583,2,1,2.074620835744625,0,0
1,3,0,17.0,4,2,7.925,0,7,0,51.0,1.1321428571428571,1,7,1.9047619047619047,0,0
0,3,1,26.0,2,0,8.6625,0,3,0,78.0,2.8874999999999997,2,3,2.690815006468305,0,0
0,2,1,32.0,0,0,10.5,0,1,1,64.0,10.5,2,1,2.782608695652174,0,0
0,3,0,16.0,5,2,46.9,0,8,0,48.0,5.8625,1,8,0.33402922755741127,0,1
0,2,1,21.0,0,0,73.5,0,1,1,42.0,73.5,2,1,0.28187919463087246,0,1
0,3,1,26.0,1,0,14.4542,1,2,0,78.0,7.2271,2,2,1.6823905475534158,0,0
1,3,1,32.0,0,0,56.4958,0,1,1,96.0,56.4958,2,1,0.5565623923834436,0,1
0,3,1,25.0,0,0,7.65,0,1,1,75.0,7.65,2,1,2.890173410404624,0,0
0,3,1,28.0,0,0,7.8958,0,1,1,84.0,7.8958,2,1,3.147552777715326,0,0
0,3,1,28.0,0,0,8.05,0,1,1,84.0,8.05,2,1,3.0939226519337013,0,0
1,2,1,0.83,0,2,29.0,0,3,0,1.66,9.666666666666666,0,3,0.027666666666666666,1,1
1,3,0,30.0,0,0,12.475,0,1,1,90.0,12.475,2,1,2.226345083487941,0,0
0,3,1,22.0,0,0,9.0,0,1,1,66.0,9.0,2,1,2.2,0,0
1,3,1,29.0,0,0,9.5,0,1,1,87.0,9.5,2,1,2.761904761904762,0,0
1,3,0,28.0,0,0,7.7875,2,1,1,84.0,7.7875,2,1,3.186344238975818,0,0
0,1,1,28.0,0,0,47.1,0,1,1,28.0,47.1,2,1,0.5821205821205822,0,1
1,2,0,17.0,0,0,10.5,0,1,1,34.0,10.5,1,1,1.4782608695652173,0,0
1,3,0,33.0,3,0,15.85,0,4,0,99.0,3.9625,2,4,1.9584569732937684,0,1
0,3,1,16.0,1,3,34.375,0,5,0,48.0,6.875,1,5,0.45229681978798586,0,1
0,3,1,28.0,0,0,8.05,0,1,1,84.0,8.05,2,1,3.0939226519337013,0,0
1,1,0,23.0,3,2,263.0,0,6,0,23.0,43.833333333333336,2,6,0.08712121212121213,0,1
0,3,1,24.0,0,0,8.05,0,1,1,72.0,8.05,2,1,2.6519337016574585,0,0
0,3,1,29.0,0,0,8.05,0,1,1,87.0,8.05,2,1,3.2044198895027622,0,0
0,3,1,20.0,0,0,7.8542,0,1,1,60.0,7.8542,2,1,2.258815025637551,0,0
0,1,1,46.0,1,0,61.175,0,2,0,46.0,30.5875,3,2,0.7398472054684359,0,1
0,3,1,26.0,1,2,20.575,0,4,0,78.0,5.14375,2,4,1.205098493626883,0,1
0,3,1,59.0,0,0,7.25,0,1,1,177.0,7.25,3,1,7.151515151515151,0,0
0,3,1,28.0,0,0,8.05,0,1,1,84.0,8.05,2,1,3.0939226519337013,0,0
0,1,1,71.0,0,0,34.6542,1,1,1,71.0,34.6542,4,1,1.9913502476566574,0,1
1,1,1,23.0,0,1,63.3583,1,2,0,23.0,31.67915,2,2,0.3573742625271333,0,1
1,2,0,34.0,0,1,23.0,0,2,0,68.0,11.5,2,2,1.4166666666666667,0,1
0,2,1,34.0,1,0,26.0,0,2,0,68.0,13.0,2,2,1.2592592592592593,0,1
0,3,0,28.0,0,0,7.8958,0,1,1,84.0,7.8958,2,1,3.147552777715326,0,0
0,3,1,28.0,0,0,7.8958,0,1,1,84.0,7.8958,2,1,3.147552777715326,0,0
0,1,1,21.0,0,1,77.2875,0,2,0,21.0,38.64375,2,2,0.2682420565224334,0,1
0,3,1,33.0,0,0,8.6542,0,1,1,99.0,8.6542,2,1,3.418201404570032,0,0
0,3,1,37.0,2,0,7.925,0,3,0,111.0,2.6416666666666666,3,3,4.145658263305322,0,0
0,3,1,28.0,0,0,7.8958,0,1,1,84.0,7.8958,2,1,3.147552777715326,0,0
1,3,0,21.0,0,0,7.65,0,1,1,63.0,7.65,2,1,2.4277456647398843,0,0
1,3,1,28.0,0,0,7.775,0,1,1,84.0,7.775,2,1,3.190883190883191,0,0
0,3,1,38.0,0,0,7.8958,0,1,1,114.0,7.8958,3,1,4.271678769756513,0,0
1,3,0,28.0,1,0,24.15,2,2,0,84.0,12.075,2,2,1.1133200795228628,0,1
0,1,1,47.0,0,0,52.0,0,1,1,47.0,52.0,3,1,0.8867924528301887,0,1
0,3,0,14.5,1,0,14.4542,1,2,0,43.5,7.2271,1,2,0.9382562669047896,1,0
0,3,1,22.0,0,0,8.05,0,1,1,66.0,8.05,2,1,2.430939226519337,0,0
0,3,0,20.0,1,0,9.825,0,2,0,60.0,4.9125,2,2,1.8475750577367207,0,0
0,3,0,17.0,0,0,14.4583,1,1,1,51.0,14.4583,1,1,1.0997328296125706,0,1
0,3,1,21.0,0,0,7.925,0,1,1,63.0,7.925,2,1,2.352941176470588,0,0
0,3,1,70.5,0,0,7.75,2,1,1,211.5,7.75,4,1,8.057142857142857,0,0
0,2,1,29.0,1,0,21.0,0,2,0,58.0,10.5,2,2,1.3181818181818181,0,1
0,1,1,24.0,0,1,247.5208,1,2,0,24.0,123.7604,2,2,0.09657139362178135,0,1
0,3,0,2.0,4,2,31.275,0,7,0,6.0,4.4678571428571425,0,7,0.061967467079783116,1,1
0,2,1,21.0,2,0,73.5,0,3,0,42.0,24.5,2,3,0.28187919463087246,0,1
0,3,1,28.0,0,0,8.05,0,1,1,84.0,8.05,2,1,3.0939226519337013,0,0
0,2,1,32.5,1,0,30.0708,1,2,0,65.0,15.0354,2,2,1.045998171917041,0,1
1,2,0,32.5,0,0,13.0,0,1,1,65.0,13.0,2,1,2.3214285714285716,0,0
0,1,1,54.0,0,1,77.2875,0,2,0,54.0,38.64375,3,2,0.689765288200543,0,1
1,3,1,12.0,1,0,11.2417,1,2,0,36.0,5.62085,0,2,0.9802560101946626,1,0
0,3,1,28.0,0,0,7.75,2,1,1,84.0,7.75,2,1,3.2,0,0
1,3,1,24.0,0,0,7.1417,0,1,1,72.0,7.1417,2,1,2.947787317145068,0,0
1,3,0,28.0,1,1,22.3583,1,3,0,84.0,7.452766666666666,2,3,1.1987173724115197,0,1
0,3,1,45.0,0,0,6.975,0,1,1,135.0,6.975,3,1,5.6426332288401255,0,0
0,3,1,33.0,0,0,7.8958,1,1,1,99.0,7.8958,2,1,3.7096157737359197,0,0
0,3,1,20.0,0,0,7.05,0,1,1,60.0,7.05,2,1,2.484472049689441,0,0
0,3,0,47.0,1,0,14.5,0,2,0,141.0,7.25,3,2,3.032258064516129,0,1
1,2,0,29.0,1,0,26.0,0,2,0,58.0,13.0,2,2,1.0740740740740742,0,1
0,2,1,25.0,0,0,13.0,0,1,1,50.0,13.0,2,1,1.7857142857142858,0,0
0,2,1,23.0,0,0,15.0458,1,1,1,46.0,15.0458,2,1,1.433396901369829,0,1
1,1,0,19.0,0,2,26.2833,0,3,0,19.0,8.7611,2,3,0.6963966968805093,0,1
0,1,1,37.0,1,0,53.1,0,2,0,37.0,26.55,3,2,0.6839186691312384,0,1
0,3,1,16.0,0,0,9.2167,0,1,1,48.0,9.2167,1,1,1.56606340599215,0,0
0,1,1,24.0,0,0,79.2,1,1,1,24.0,79.2,2,1,0.29925187032418954,0,1
0,3,0,28.0,0,2,15.2458,1,3,0,84.0,5.081933333333333,2,3,1.723522387324724,0,1
1,3,0,22.0,0,0,7.75,0,1,1,66.0,7.75,2,1,2.5142857142857142,0,0
1,3,0,24.0,1,0,15.85,0,2,0,72.0,7.925,2,2,1.4243323442136497,0,1
0,3,1,19.0,0,0,6.75,2,1,1,57.0,6.75,2,1,2.4516129032258065,0,0
0,2,1,18.0,0,0,11.5,0,1,1,36.0,11.5,1,1,1.44,0,0
0,2,1,19.0,1,1,36.75,0,3,0,38.0,12.25,2,3,0.5033112582781457,0,1
1,3,1,27.0,0,0,7.7958,0,1,1,81.0,7.7958,2,1,3.0696468769185294,0,0
0,3,0,9.0,2,2,34.375,0,5,0,27.0,6.875,0,5,0.254416961130742,1,1
0,2,1,36.5,0,2,26.0,0,3,0,73.0,8.666666666666666,3,3,1.3518518518518519,0,1
0,2,1,42.0,0,0,13.0,0,1,1,84.0,13.0,3,1,3.0,0,0
0,2,1,51.0,0,0,12.525,0,1,1,102.0,12.525,3,1,3.7707948243992604,0,0
1,1,0,22.0,1,0,66.6,0,2,0,22.0,33.3,2,2,0.3254437869822486,0,1
0,3,1,55.5,0,0,8.05,0,1,1,166.5,8.05,3,1,6.132596685082873,0,0
0,3,1,40.5,0,2,14.5,0,3,0,121.5,4.833333333333333,3,3,2.6129032258064515,0,1
0,3,1,28.0,0,0,7.3125,0,1,1,84.0,7.3125,2,1,3.3684210526315788,0,0
0,1,1,51.0,0,1,61.3792,1,2,0,51.0,30.6896,3,2,0.8175802190473748,0,1
1,3,0,16.0,0,0,7.7333,2,1,1,48.0,7.7333,1,1,1.8320680613284783,0,0
0,3,1,30.0,0,0,8.05,0,1,1,90.0,8.05,2,1,3.3149171270718227,0,0
0,3,1,28.0,0,0,8.6625,0,1,1,84.0,8.6625,2,1,2.8978007761966365,0,0
0,3,1,28.0,8,2,69.55,0,11,0,84.0,6.322727272727272,2,11,0.39688164422395467,0,1
0,3,1,44.0,0,1,16.1,0,2,0,132.0,8.05,3,2,2.573099415204678,0,1
1,2,0,40.0,0,0,15.75,0,1,1,80.0,15.75,3,1,2.388059701492537,0,1
0,3,1,26.0,0,0,7.775,0,1,1,78.0,7.775,2,1,2.962962962962963,0,0
0,3,1,17.0,0,0,8.6625,0,1,1,51.0,8.6625,1,1,1.7593790426908151,0,0
0,3,1,1.0,4,1,39.6875,0,6,0,3.0,6.614583333333333,0,6,0.02457757296466974,1,1
1,3,1,9.0,0,2,20.525,0,3,0,27.0,6.841666666666666,0,3,0.4181184668989547,1,1
1,1,0,28.0,0,1,55.0,0,2,0,28.0,27.5,2,2,0.5,0,1
0,3,0,45.0,1,4,27.9,0,6,0,135.0,4.6499999999999995,3,6,1.5570934256055364,0,1
0,1,1,28.0,0,0,25.925,0,1,1,28.0,25.925,2,1,1.0399257195914577,0,1
0,3,1,28.0,0,0,56.4958,0,1,1,84.0,56.4958,2,1,0.4869920933355132,0,1
0,1,1,61.0,0,0,33.5,0,1,1,61.0,33.5,4,1,1.7681159420289856,0,1
0,3,1,4.0,4,1,29.125,2,6,0,12.0,4.854166666666667,0,6,0.13278008298755187,1,1
1,3,0,1.0,1,1,11.1333,0,3,0,3.0,3.7111,0,3,0.08241780884013418,1,0
0,3,1,21.0,0,0,7.925,0,1,1,63.0,7.925,2,1,2.352941176470588,0,0
0,1,1,56.0,0,0,30.6958,1,1,1,56.0,30.6958,3,1,1.7667956006789545,0,1
0,3,1,18.0,1,1,7.8542,0,3,0,54.0,2.6180666666666665,1,3,2.0329335230737957,0,0
0,3,1,28.0,3,1,25.4667,0,5,0,84.0,5.0933399999999995,2,5,1.057933176406579,0,1
0,1,0,50.0,0,0,28.7125,1,1,1,50.0,28.7125,3,1,1.6827934371055953,0,1
0,2,1,30.0,0,0,13.0,0,1,1,60.0,13.0,2,1,2.142857142857143,0,0
0,3,1,36.0,0,0,0.0,0,1,1,108.0,0.0,3,1,36.0,0,0
0,3,0,28.0,8,2,69.55,0,11,0,84.0,6.322727272727272,2,11,0.39688164422395467,0,1
0,2,1,28.0,0,0,15.05,1,1,1,56.0,15.05,2,1,1.7445482866043613,0,1
0,3,1,9.0,4,2,31.3875,0,7,0,27.0,4.483928571428572,0,7,0.277884986491702,1,1
1,2,1,1.0,2,1,39.0,0,4,0,2.0,9.75,0,4,0.025,1,1
1,3,0,4.0,0,2,22.025,0,3,0,12.0,7.341666666666666,0,3,0.17372421281216072,1,1
0,1,1,28.0,0,0,50.0,0,1,1,28.0,50.0,2,1,0.5490196078431373,0,1
1,3,0,28.0,1,0,15.5,2,2,0,84.0,7.75,2,2,1.696969696969697,0,1
1,1,1,45.0,0,0,26.55,0,1,1,45.0,26.55,3,1,1.6333938294010888,0,1
0,3,1,40.0,1,1,15.5,2,3,0,120.0,5.166666666666667,3,3,2.4242424242424243,0,1
0,3,1,36.0,0,0,7.8958,0,1,1,108.0,7.8958,3,1,4.046853571348276,0,0
1,2,0,32.0,0,0,13.0,0,1,1,64.0,13.0,2,1,2.2857142857142856,0,0
0,2,1,19.0,0,0,13.0,0,1,1,38.0,13.0,2,1,1.3571428571428572,0,0
1,3,0,19.0,1,0,7.8542,0,2,0,57.0,3.9271,2,2,2.1458742743556734,0,0
1,2,1,3.0,1,1,26.0,0,3,0,6.0,8.666666666666666,0,3,0.1111111111111111,1,1
1,1,0,44.0,0,0,27.7208,1,1,1,44.0,27.7208,3,1,1.5319907523467313,0,1
1,1,0,58.0,0,0,146.5208,1,1,1,58.0,146.5208,3,1,0.3931648960688933,0,1
0,3,1,28.0,0,0,7.75,2,1,1,84.0,7.75,2,1,3.2,0,0
0,3,1,42.0,0,1,8.4042,0,2,0,126.0,4.2021,3,2,4.466089619531699,0,0
1,3,0,28.0,0,0,7.75,2,1,1,84.0,7.75,2,1,3.2,0,0
0,2,0,24.0,0,0,13.0,0,1,1,48.0,13.0,2,1,1.7142857142857142,0,0
0,3,1,28.0,0,0,9.5,0,1,1,84.0,9.5,2,1,2.6666666666666665,0,0
0,3,1,28.0,8,2,69.55,0,11,0,84.0,6.322727272727272,2,11,0.39688164422395467,0,1
0,3,1,34.0,0,0,6.4958,0,1,1,102.0,6.4958,2,1,4.535873422449905,0,0
0,3,1,45.5,0,0,7.225,1,1,1,136.5,7.225,3,1,5.531914893617022,0,0
1,3,1,18.0,0,0,8.05,0,1,1,54.0,8.05,1,1,1.9889502762430937,0,0
0,3,0,2.0,0,1,10.4625,0,2,0,6.0,5.23125,0,2,0.17448200654307525,1,0
0,3,1,32.0,1,0,15.85,0,2,0,96.0,7.925,2,2,1.8991097922848663,0,1
1,3,1,26.0,0,0,18.7875,1,1,1,78.0,18.7875,2,1,1.31396083385976,0,1
1,3,0,16.0,0,0,7.75,2,1,1,48.0,7.75,1,1,1.8285714285714285,0,0
1,1,1,40.0,0,0,31.0,1,1,1,40.0,31.0,3,1,1.25,0,1
0,3,1,24.0,0,0,7.05,0,1,1,72.0,7.05,2,1,2.981366459627329,0,0
1,2,0,35.0,0,0,21.0,0,1,1,70.0,21.0,2,1,1.5909090909090908,0,1
0,3,1,22.0,0,0,7.25,0,1,1,66.0,7.25,2,1,2.6666666666666665,0,0
0,2,1,30.0,0,0,13.0,0,1,1,60.0,13.0,2,1,2.142857142857143,0,0
0,3,1,28.0,1,0,7.75,2,2,0,84.0,3.875,2,2,3.2,0,0
1,1,0,31.0,1,0,113.275,1,2,0,31.0,56.6375,2,2,0.2712754320717567,0,1
1,3,0,27.0,0,0,7.925,0,1,1,81.0,7.925,2,1,3.0252100840336134,0,0
0,2,1,42.0,1,0,27.0,0,2,0,84.0,13.5,3,2,1.5,0,1
1,1,0,32.0,0,0,76.2917,1,1,1,32.0,76.2917,2,1,0.4140159939553665,0,1
0,2,1,30.0,0,0,10.5,0,1,1,60.0,10.5,2,1,2.608695652173913,0,0
1,3,1,16.0,0,0,8.05,0,1,1,48.0,8.05,1,1,1.7679558011049723,0,0
0,2,1,27.0,0,0,13.0,0,1,1,54.0,13.0,2,1,1.9285714285714286,0,0
0,3,1,51.0,0,0,8.05,0,1,1,153.0,8.05,3,1,5.635359116022099,0,0
0,3,1,28.0,0,0,7.8958,0,1,1,84.0,7.8958,2,1,3.147552777715326,0,0
1,1,1,38.0,1,0,90.0,0,2,0,38.0,45.0,3,2,0.4175824175824176,0,1
0,3,1,22.0,0,0,9.35,0,1,1,66.0,9.35,2,1,2.1256038647342996,0,0
1,2,1,19.0,0,0,10.5,0,1,1,38.0,10.5,2,1,1.6521739130434783,0,0
0,3,1,20.5,0,0,7.25,0,1,1,61.5,7.25,2,1,2.484848484848485,0,0
0,2,1,18.0,0,0,13.0,0,1,1,36.0,13.0,1,1,1.2857142857142858,0,0
0,3,0,28.0,3,1,25.4667,0,5,0,84.0,5.0933399999999995,2,5,1.057933176406579,0,1
1,1,0,35.0,1,0,83.475,0,2,0,35.0,41.7375,2,2,0.4143237644273454,0,1
0,3,1,29.0,0,0,7.775,0,1,1,87.0,7.775,2,1,3.304843304843305,0,0
0,2,1,59.0,0,0,13.5,0,1,1,118.0,13.5,3,1,4.068965517241379,0,0
1,3,0,5.0,4,2,31.3875,0,7,0,15.0,4.483928571428572,0,7,0.15438054805094556,1,1
0,2,1,24.0,0,0,10.5,0,1,1,48.0,10.5,2,1,2.0869565217391304,0,0
0,3,0,28.0,0,0,7.55,0,1,1,84.0,7.55,2,1,3.2748538011695905,0,0
0,2,1,44.0,1,0,26.0,0,2,0,88.0,13.0,3,2,1.6296296296296295,0,1
1,2,0,8.0,0,2,26.25,0,3,0,16.0,8.75,0,3,0.29357798165137616,1,1
0,2,1,19.0,0,0,10.5,0,1,1,38.0,10.5,2,1,1.6521739130434783,0,0
0,2,1,33.0,0,0,12.275,0,1,1,66.0,12.275,2,1,2.485875706214689,0,0
0,3,0,28.0,1,0,14.4542,1,2,0,84.0,7.2271,2,2,1.8118052050575248,0,0
1,3,0,28.0,1,0,15.5,2,2,0,84.0,7.75,2,2,1.696969696969697,0,1
0,2,1,29.0,0,0,10.5,0,1,1,58.0,10.5,2,1,2.5217391304347827,0,0
0,3,1,22.0,0,0,7.125,0,1,1,66.0,7.125,2,1,2.707692307692308,0,0
0,3,1,30.0,0,0,7.225,1,1,1,90.0,7.225,2,1,3.6474164133738602,0,0
0,1,1,44.0,2,0,90.0,2,3,0,44.0,30.0,3,3,0.4835164835164835,0,1
0,3,0,25.0,0,0,7.775,0,1,1,75.0,7.775,2,1,2.849002849002849,0,0
1,2,0,24.0,0,2,14.5,0,3,0,48.0,4.833333333333333,2,3,1.5483870967741935,0,1
1,1,1,37.0,1,1,52.5542,0,3,0,37.0,17.518066666666666,3,3,0.6908888565229244,0,1
0,2,1,54.0,1,0,26.0,0,2,0,108.0,13.0,3,2,2.0,0,1
0,3,1,28.0,0,0,7.25,0,1,1,84.0,7.25,2,1,3.393939393939394,0,0
0,3,0,29.0,1,1,10.4625,0,3,0,87.0,3.4875000000000003,2,3,2.529989094874591,0,0
0,1,1,62.0,0,0,26.55,0,1,1,62.0,26.55,4,1,2.2504537205081667,0,1
0,3,1,30.0,1,0,16.1,0,2,0,90.0,8.05,2,2,1.7543859649122806,0,1
0,3,0,41.0,0,2,20.2125,0,3,0,123.0,6.7375,3,3,1.9328226281673542,0,1
1,3,0,29.0,0,2,15.2458,1,3,0,87.0,5.081933333333333,2,3,1.785076758300607,0,1
1,1,0,28.0,0,0,79.2,1,1,1,28.0,79.2,2,1,0.34912718204488774,0,1
1,1,0,30.0,0,0,86.5,0,1,1,30.0,86.5,2,1,0.34285714285714286,0,1
1,1,0,35.0,0,0,512.3292,1,1,1,35.0,512.3292,2,1,0.0681823671826968,0,1
1,2,0,50.0,0,1,26.0,0,2,0,100.0,13.0,3,2,1.8518518518518519,0,1
0,3,1,28.0,0,0,7.75,2,1,1,84.0,7.75,2,1,3.2,0,0
1,3,1,3.0,4,2,31.3875,0,7,0,9.0,4.483928571428572,0,7,0.09262832883056735,1,1
0,1,1,52.0,1,1,79.65,0,3,0,52.0,26.55,3,3,0.6447613143211407,0,1
0,1,1,40.0,0,0,0.0,0,1,1,40.0,0.0,3,1,40.0,0,0
0,3,0,28.0,0,0,7.75,2,1,1,84.0,7.75,2,1,3.2,0,0
0,2,1,36.0,0,0,10.5,0,1,1,72.0,10.5,3,1,3.130434782608696,0,0
0,3,1,16.0,4,1,39.6875,0,6,0,48.0,6.614583333333333,1,6,0.3932411674347158,0,1
1,3,1,25.0,1,0,7.775,0,2,0,75.0,3.8875,2,2,2.849002849002849,0,0
1,1,0,58.0,0,1,153.4625,0,2,0,58.0,76.73125,3,2,0.37549567047017884,0,1
1,1,0,35.0,0,0,135.6333,0,1,1,35.0,135.6333,2,1,0.25616010152722657,0,1
0,1,1,28.0,0,0,31.0,0,1,1,28.0,31.0,2,1,0.875,0,1
1,3,1,25.0,0,0,0.0,0,1,1,75.0,0.0,2,1,25.0,0,0
1,2,0,41.0,0,1,19.5,0,2,0,82.0,9.75,3,2,2.0,0,1
0,1,1,37.0,0,1,29.7,1,2,0,37.0,14.85,3,2,1.205211726384365,0,1
1,3,0,28.0,0,0,7.75,2,1,1,84.0,7.75,2,1,3.2,0,0
1,1,0,63.0,1,0,77.9583,0,2,0,63.0,38.97915,4,2,0.79788951889795,0,1
0,3,0,45.0,0,0,7.75,0,1,1,135.0,7.75,3,1,5.142857142857143,0,0
0,2,1,28.0,0,0,0.0,0,1,1,56.0,0.0,2,1,28.0,0,0
0,3,1,7.0,4,1,29.125,2,6,0,21.0,4.854166666666667,0,6,0.23236514522821577,1,1
1,3,0,35.0,1,1,20.25,0,3,0,105.0,6.75,2,3,1.6470588235294117,0,1
0,3,1,65.0,0,0,7.75,2,1,1,195.0,7.75,4,1,7.428571428571429,0,0
0,3,1,28.0,0,0,7.8542,0,1,1,84.0,7.8542,2,1,3.162341035892571,0,0
0,3,1,16.0,0,0,9.5,0,1,1,48.0,9.5,1,1,1.5238095238095237,0,0
1,3,1,19.0,0,0,8.05,0,1,1,57.0,8.05,2,1,2.0994475138121547,0,0
0,1,1,28.0,0,0,26.0,0,1,1,28.0,26.0,2,1,1.037037037037037,0,1
0,3,1,33.0,0,0,8.6625,1,1,1,99.0,8.6625,2,1,3.4152652005174646,0,0
1,3,1,30.0,0,0,9.5,0,1,1,90.0,9.5,2,1,2.857142857142857,0,0
0,3,1,22.0,0,0,7.8958,0,1,1,66.0,7.8958,2,1,2.4730771824906133,0,0
1,2,1,42.0,0,0,13.0,0,1,1,84.0,13.0,3,1,3.0,0,0
1,3,0,22.0,0,0,7.75,2,1,1,66.0,7.75,2,1,2.5142857142857142,0,0
1,1,0,26.0,0,0,78.85,0,1,1,26.0,78.85,2,1,0.3256105197244834,0,1
1,1,0,19.0,1,0,91.0792,1,2,0,19.0,45.5396,2,2,0.2063441037715358,0,1
0,2,1,36.0,0,0,12.875,1,1,1,72.0,12.875,3,1,2.5945945945945947,0,0
0,3,0,24.0,0,0,8.85,0,1,1,72.0,8.85,2,1,2.436548223350254,0,0
0,3,1,24.0,0,0,7.8958,0,1,1,72.0,7.8958,2,1,2.6979023808988507,0,0
0,1,1,28.0,0,0,27.7208,1,1,1,28.0,27.7208,2,1,0.974903206038829,0,1
0,3,1,23.5,0,0,7.2292,1,1,1,70.5,7.2292,2,1,2.855684635201478,0,0
0,1,0,2.0,1,2,151.55,0,4,0,2.0,37.8875,0,4,0.013110455588331694,1,1
1,1,1,28.0,0,0,30.5,0,1,1,28.0,30.5,2,1,0.8888888888888888,0,1
1,1,0,50.0,0,1,247.5208,1,2,0,50.0,123.7604,3,2,0.20119040337871116,0,1
1,3,0,28.0,0,0,7.75,2,1,1,84.0,7.75,2,1,3.2,0,0
1,3,1,28.0,2,0,23.25,2,3,0,84.0,7.75,2,3,1.1546391752577319,0,1
0,3,1,19.0,0,0,0.0,0,1,1,57.0,0.0,2,1,19.0,0,0
1,2,0,28.0,0,0,12.35,2,1,1,56.0,12.35,2,1,2.0973782771535583,0,0
0,3,1,28.0,0,0,8.05,0,1,1,84.0,8.05,2,1,3.0939226519337013,0,0
1,1,1,0.92,1,2,151.55,0,4,0,0.92,37.8875,0,4,0.006030809570632579,1,1
1,1,0,28.0,0,0,110.8833,1,1,1,28.0,110.8833,2,1,0.25026076277692916,0,1
1,1,0,17.0,1,0,108.9,1,2,0,17.0,54.45,1,2,0.15468607825295722,0,1
0,2,1,30.0,1,0,24.0,1,2,0,60.0,12.0,2,2,1.2,0,1
1,1,0,30.0,0,0,56.9292,1,1,1,30.0,56.9292,2,1,0.5178735421859787,0,1
1,1,0,24.0,0,0,83.1583,1,1,1,24.0,83.1583,2,1,0.2851768631257998,0,1
1,1,0,18.0,2,2,262.375,1,5,0,18.0,52.475,1,5,0.068343616516374,0,1
0,2,0,26.0,1,1,26.0,0,3,0,52.0,8.666666666666666,2,3,0.9629629629629629,0,1
0,3,1,28.0,0,0,7.8958,0,1,1,84.0,7.8958,2,1,3.147552777715326,0,0
0,2,1,43.0,1,1,26.25,0,3,0,86.0,8.75,3,3,1.5779816513761469,0,1
1,3,0,26.0,0,0,7.8542,0,1,1,78.0,7.8542,2,1,2.936459533328816,0,0
1,2,0,24.0,1,0,26.0,0,2,0,48.0,13.0,2,2,0.8888888888888888,0,1
0,2,1,54.0,0,0,14.0,0,1,1,108.0,14.0,3,1,3.6,0,0
1,1,0,31.0,0,2,164.8667,0,3,0,31.0,54.95556666666667,2,3,0.18689706854962448,0,1
1,1,0,40.0,1,1,134.5,1,3,0,40.0,44.833333333333336,3,3,0.2952029520295203,0,1
0,3,1,22.0,0,0,7.25,0,1,1,66.0,7.25,2,1,2.6666666666666665,0,0
0,3,1,27.0,0,0,7.8958,0,1,1,81.0,7.8958,2,1,3.0351401785112073,0,0
1,2,0,30.0,0,0,12.35,2,1,1,60.0,12.35,2,1,2.247191011235955,0,0
1,2,0,22.0,1,1,29.0,0,3,0,44.0,9.666666666666666,2,3,0.7333333333333333,0,1
0,3,1,28.0,8,2,69.55,0,11,0,84.0,6.322727272727272,2,11,0.39688164422395467,0,1
1,1,0,36.0,0,0,135.6333,1,1,1,36.0,135.6333,3,1,0.2634789615708616,0,1
0,3,1,61.0,0,0,6.2375,0,1,1,183.0,6.2375,4,1,8.42832469775475,0,0
1,2,0,36.0,0,0,13.0,0,1,1,72.0,13.0,3,1,2.5714285714285716,0,0
1,3,0,31.0,1,1,20.525,0,3,0,93.0,6.841666666666666,2,3,1.440185830429733,0,1
1,1,0,16.0,0,1,57.9792,1,2,0,16.0,28.9896,1,2,0.2712820791058543,0,1
1,3,0,28.0,2,0,23.25,2,3,0,84.0,7.75,2,3,1.1546391752577319,0,1
0,1,1,45.5,0,0,28.5,0,1,1,45.5,28.5,3,1,1.5423728813559323,0,1
0,1,1,38.0,0,1,153.4625,0,2,0,38.0,76.73125,3,2,0.24601440479080683,0,1
0,3,1,16.0,2,0,18.0,0,3,0,48.0,6.0,1,3,0.8421052631578947,0,1
1,1,0,28.0,1,0,133.65,0,2,0,28.0,66.825,2,2,0.20794652803564798,0,1
0,3,1,28.0,0,0,7.8958,0,1,1,84.0,7.8958,2,1,3.147552777715326,0,0
0,1,1,29.0,1,0,66.6,0,2,0,29.0,33.3,2,2,0.4289940828402367,0,1
1,1,0,41.0,0,0,134.5,1,1,1,41.0,134.5,3,1,0.3025830258302583,0,1
1,3,1,45.0,0,0,8.05,0,1,1,135.0,8.05,3,1,4.972375690607734,0,0
0,1,1,45.0,0,0,35.5,0,1,1,45.0,35.5,3,1,1.2328767123287672,0,1
1,2,1,2.0,1,1,26.0,0,3,0,4.0,8.666666666666666,0,3,0.07407407407407407,1,1
1,1,0,24.0,3,2,263.0,0,6,0,24.0,43.833333333333336,2,6,0.09090909090909091,0,1
0,2,1,28.0,0,0,13.0,0,1,1,56.0,13.0,2,1,2.0,0,0
0,2,1,25.0,0,0,13.0,0,1,1,50.0,13.0,2,1,1.7857142857142858,0,0
0,2,1,36.0,0,0,13.0,0,1,1,72.0,13.0,3,1,2.5714285714285716,0,0
1,2,0,24.0,0,0,13.0,0,1,1,48.0,13.0,2,1,1.7142857142857142,0,0
1,2,0,40.0,0,0,13.0,0,1,1,80.0,13.0,3,1,2.857142857142857,0,0
1,3,0,28.0,1,0,16.1,0,2,0,84.0,8.05,2,2,1.6374269005847952,0,1
1,3,1,3.0,1,1,15.9,0,3,0,9.0,5.3,0,3,0.1775147928994083,1,1
0,3,1,42.0,0,0,8.6625,0,1,1,126.0,8.6625,3,1,4.346701164294955,0,0
0,3,1,23.0,0,0,9.225,0,1,1,69.0,9.225,2,1,2.249388753056235,0,0
0,1,1,28.0,0,0,35.0,0,1,1,28.0,35.0,2,1,0.7777777777777778,0,1
0,3,1,15.0,1,1,7.2292,1,3,0,45.0,2.409733333333333,1,3,1.8227774267243477,1,0
0,3,1,25.0,1,0,17.8,0,2,0,75.0,8.9,2,2,1.3297872340425532,0,1
0,3,1,28.0,0,0,7.225,1,1,1,84.0,7.225,2,1,3.404255319148936,0,0
0,3,1,28.0,0,0,9.5,0,1,1,84.0,9.5,2,1,2.6666666666666665,0,0
1,1,0,22.0,0,1,55.0,0,2,0,22.0,27.5,2,2,0.39285714285714285,0,1
0,2,0,38.0,0,0,13.0,0,1,1,76.0,13.0,3,1,2.7142857142857144,0,0
1,3,0,28.0,0,0,7.8792,2,1,1,84.0,7.8792,2,1,3.1534372465987923,0,0
1,3,0,28.0,0,0,7.8792,2,1,1,84.0,7.8792,2,1,3.1534372465987923,0,0
0,3,1,40.0,1,4,27.9,0,6,0,120.0,4.6499999999999995,3,6,1.384083044982699,0,1
0,2,1,29.0,1,0,27.7208,1,2,0,58.0,13.8604,2,2,1.0097211776830728,0,1
0,3,0,45.0,0,1,14.4542,1,2,0,135.0,7.2271,3,2,2.9118297938424504,0,0
0,3,1,35.0,0,0,7.05,0,1,1,105.0,7.05,2,1,4.3478260869565215,0,0
0,3,1,28.0,1,0,15.5,2,2,0,84.0,7.75,2,2,1.696969696969697,0,1
0,3,1,30.0,0,0,7.25,0,1,1,90.0,7.25,2,1,3.6363636363636362,0,0
1,1,0,60.0,1,0,75.25,1,2,0,60.0,37.625,3,2,0.7868852459016393,0,1
1,3,0,28.0,0,0,7.2292,1,1,1,84.0,7.2292,2,1,3.4025178632187822,0,0
1,3,0,28.0,0,0,7.75,2,1,1,84.0,7.75,2,1,3.2,0,0
1,1,0,24.0,0,0,69.3,1,1,1,24.0,69.3,2,1,0.34139402560455195,0,1
1,1,1,25.0,1,0,55.4417,1,2,0,25.0,27.72085,2,2,0.4429349222294864,0,1
0,3,1,18.0,1,0,6.4958,0,2,0,54.0,3.2479,1,2,2.4013447530617147,0,0
0,3,1,19.0,0,0,8.05,0,1,1,57.0,8.05,2,1,2.0994475138121547,0,0
0,1,1,22.0,0,0,135.6333,1,1,1,22.0,135.6333,2,1,0.16101492095997097,0,1
0,3,0,3.0,3,1,21.075,0,5,0,9.0,4.215,0,5,0.1359003397508494,1,1
1,1,0,28.0,1,0,82.1708,1,2,0,28.0,41.0854,2,2,0.33665661506201694,0,1
1,3,0,22.0,0,0,7.25,0,1,1,66.0,7.25,2,1,2.6666666666666665,0,0
0,1,1,27.0,0,2,211.5,1,3,0,27.0,70.5,2,3,0.12705882352941175,0,1
0,3,1,20.0,0,0,4.0125,1,1,1,60.0,4.0125,2,1,3.99002493765586,0,0
0,3,1,19.0,0,0,7.775,0,1,1,57.0,7.775,2,1,2.165242165242165,0,0
1,1,0,42.0,0,0,227.525,1,1,1,42.0,227.525,3,1,0.18378733180177223,0,1
1,3,0,1.0,0,2,15.7417,1,3,0,3.0,5.247233333333333,0,3,0.05973109062998381,1,1
0,3,1,32.0,0,0,7.925,0,1,1,96.0,7.925,2,1,3.5854341736694675,0,0
1,1,0,35.0,1,0,52.0,0,2,0,35.0,26.0,2,2,0.660377358490566,0,1
0,3,1,28.0,0,0,7.8958,0,1,1,84.0,7.8958,2,1,3.147552777715326,0,0
0,2,1,18.0,0,0,73.5,0,1,1,36.0,73.5,1,1,0.24161073825503357,0,1
0,3,1,1.0,5,2,46.9,0,8,0,3.0,5.8625,0,8,0.020876826722338204,1,1
1,2,0,36.0,0,0,13.0,0,1,1,72.0,13.0,3,1,2.5714285714285716,0,0
0,3,1,28.0,0,0,7.7292,2,1,1,84.0,7.7292,2,1,3.207624982816295,0,0
1,2,0,17.0,0,0,12.0,1,1,1,34.0,12.0,1,1,1.3076923076923077,0,0
1,1,1,36.0,1,2,120.0,0,4,0,36.0,30.0,3,4,0.2975206611570248,0,1
1,3,1,21.0,0,0,7.7958,0,1,1,63.0,7.7958,2,1,2.3875031264921893,0,0
0,3,1,28.0,2,0,7.925,0,3,0,84.0,2.6416666666666666,2,3,3.1372549019607843,0,0
1,1,0,23.0,1,0,113.275,1,2,0,23.0,56.6375,2,2,0.20126886895646465,0,1
1,3,0,24.0,0,2,16.7,0,3,0,72.0,5.566666666666666,2,3,1.3559322033898307,0,1
0,3,1,22.0,0,0,7.7958,0,1,1,66.0,7.7958,2,1,2.501193751563246,0,0
0,3,0,31.0,0,0,7.8542,0,1,1,93.0,7.8542,2,1,3.5011632897382037,0,0
0,2,1,46.0,0,0,26.0,0,1,1,92.0,26.0,3,1,1.7037037037037037,0,1
0,2,1,23.0,0,0,10.5,0,1,1,46.0,10.5,2,1,2.0,0,0
1,2,0,28.0,0,0,12.65,0,1,1,56.0,12.65,2,1,2.051282051282051,0,0
1,3,1,39.0,0,0,7.925,0,1,1,117.0,7.925,3,1,4.369747899159663,0,0
0,3,1,26.0,0,0,8.05,0,1,1,78.0,8.05,2,1,2.87292817679558,0,0
0,3,0,21.0,1,0,9.825,0,2,0,63.0,4.9125,2,2,1.9399538106235568,0,0
0,3,1,28.0,1,0,15.85,0,2,0,84.0,7.925,2,2,1.661721068249258,0,1
0,3,0,20.0,0,0,8.6625,0,1,1,60.0,8.6625,2,1,2.069857697283312,0,0
0,2,1,34.0,1,0,21.0,0,2,0,68.0,10.5,2,2,1.5454545454545454,0,1
0,3,1,51.0,0,0,7.75,0,1,1,153.0,7.75,3,1,5.828571428571428,0,0
1,2,1,3.0,1,1,18.75,0,3,0,6.0,6.25,0,3,0.1518987341772152,1,1
0,3,1,21.0,0,0,7.775,0,1,1,63.0,7.775,2,1,2.393162393162393,0,0
0,3,0,28.0,3,1,25.4667,0,5,0,84.0,5.0933399999999995,2,5,1.057933176406579,0,1
0,3,1,28.0,0,0,7.8958,0,1,1,84.0,7.8958,2,1,3.147552777715326,0,0
0,3,1,28.0,0,0,6.8583,2,1,1,84.0,6.8583,2,1,3.5631116144713233,0,0
1,1,0,33.0,1,0,90.0,2,2,0,33.0,45.0,2,2,0.3626373626373626,0,1
0,2,1,28.0,0,0,0.0,0,1,1,56.0,0.0,2,1,28.0,0,0
1,3,1,44.0,0,0,7.925,0,1,1,132.0,7.925,3,1,4.929971988795518,0,0
0,3,0,28.0,0,0,8.05,0,1,1,84.0,8.05,2,1,3.0939226519337013,0,0
1,2,0,34.0,1,1,32.5,0,3,0,68.0,10.833333333333334,2,3,1.0149253731343284,0,1
1,2,0,18.0,0,2,13.0,0,3,0,36.0,4.333333333333333,1,3,1.2857142857142858,0,0
0,2,1,30.0,0,0,13.0,0,1,1,60.0,13.0,2,1,2.142857142857143,0,0
0,3,0,10.0,0,2,24.15,0,3,0,30.0,8.049999999999999,0,3,0.3976143141153082,1,1
0,3,1,28.0,0,0,7.8958,1,1,1,84.0,7.8958,2,1,3.147552777715326,0,0
0,3,1,21.0,0,0,7.7333,2,1,1,63.0,7.7333,2,1,2.4045893304936277,0,0
0,3,1,29.0,0,0,7.875,0,1,1,87.0,7.875,2,1,3.267605633802817,0,0
0,3,0,28.0,1,1,14.4,0,3,0,84.0,4.8,2,3,1.8181818181818181,0,0
0,3,1,18.0,1,1,20.2125,0,3,0,54.0,6.7375,1,3,0.8485562757807897,0,1
0,3,1,28.0,0,0,7.25,0,1,1,84.0,7.25,2,1,3.393939393939394,0,0
1,2,0,28.0,1,0,26.0,0,2,0,56.0,13.0,2,2,1.037037037037037,0,1
1,2,0,19.0,0,0,26.0,0,1,1,38.0,26.0,2,1,0.7037037037037037,0,1
0,3,1,28.0,0,0,7.75,2,1,1,84.0,7.75,2,1,3.2,0,0
1,3,1,32.0,0,0,8.05,0,1,1,96.0,8.05,2,1,3.5359116022099446,0,0
1,1,1,28.0,0,0,26.55,0,1,1,28.0,26.55,2,1,1.0163339382940109,0,1
1,3,0,28.0,1,0,16.1,0,2,0,84.0,8.05,2,2,1.6374269005847952,0,1
1,2,0,42.0,1,0,26.0,0,2,0,84.0,13.0,3,2,1.5555555555555556,0,1
0,3,1,17.0,0,0,7.125,0,1,1,51.0,7.125,1,1,2.0923076923076924,0,0
0,1,1,50.0,1,0,55.9,0,2,0,50.0,27.95,3,2,0.8787346221441125,0,1
1,1,0,14.0,1,2,120.0,0,4,0,14.0,30.0,1,4,0.11570247933884298,1,1
0,3,0,21.0,2,2,34.375,0,5,0,63.0,6.875,2,5,0.5936395759717314,0,1
1,2,0,24.0,2,3,18.75,0,6,0,48.0,3.125,2,6,1.2151898734177216,0,1
0,1,1,64.0,1,4,263.0,0,6,0,64.0,43.833333333333336,4,6,0.24242424242424243,0,1
0,2,1,31.0,0,0,10.5,0,1,1,62.0,10.5,2,1,2.6956521739130435,0,0
1,2,0,45.0,1,1,26.25,0,3,0,90.0,8.75,3,3,1.651376146788991,0,1
0,3,1,20.0,0,0,9.5,0,1,1,60.0,9.5,2,1,1.9047619047619047,0,0
0,3,1,25.0,1,0,7.775,0,2,0,75.0,3.8875,2,2,2.849002849002849,0,0
1,2,0,28.0,0,0,13.0,0,1,1,56.0,13.0,2,1,2.0,0,0
1,3,1,28.0,0,0,8.1125,0,1,1,84.0,8.1125,2,1,3.072702331961591,0,0
1,1,1,4.0,0,2,81.8583,0,3,0,4.0,27.2861,0,3,0.048275187880996835,1,1
1,2,0,13.0,0,1,19.5,0,2,0,26.0,9.75,1,2,0.6341463414634146,1,1
1,1,1,34.0,0,0,26.55,0,1,1,34.0,26.55,2,1,1.234119782214156,0,1
1,3,0,5.0,2,1,19.2583,1,4,0,15.0,4.814575,0,4,0.24681241762635564,1,1
1,1,1,52.0,0,0,30.5,0,1,1,52.0,30.5,3,1,1.6507936507936507,0,1
0,2,1,36.0,1,2,27.75,0,4,0,72.0,6.9375,3,4,1.2521739130434784,0,1
0,3,1,28.0,1,0,19.9667,0,2,0,84.0,9.98335,2,2,1.3354509770254737,0,1
0,1,1,30.0,0,0,27.75,1,1,1,30.0,27.75,2,1,1.0434782608695652,0,1
1,1,1,49.0,1,0,89.1042,1,2,0,49.0,44.5521,3,2,0.5438148277216822,0,1
0,3,1,28.0,0,0,8.05,0,1,1,84.0,8.05,2,1,3.0939226519337013,0,0
1,3,1,29.0,0,0,7.8958,1,1,1,87.0,7.8958,2,1,3.2599653769194448,0,0
0,1,1,65.0,0,0,26.55,0,1,1,65.0,26.55,4,1,2.3593466424682394,0,1
1,1,0,28.0,1,0,51.8625,0,2,0,28.0,25.93125,2,2,0.5296760463466541,0,1
1,2,0,50.0,0,0,10.5,0,1,1,100.0,10.5,3,1,4.3478260869565215,0,0
0,3,1,28.0,0,0,7.75,2,1,1,84.0,7.75,2,1,3.2,0,0
1,1,1,48.0,0,0,26.55,0,1,1,48.0,26.55,3,1,1.7422867513611615,0,1
0,3,1,34.0,0,0,8.05,0,1,1,102.0,8.05,2,1,3.756906077348066,0,0
0,1,1,47.0,0,0,38.5,0,1,1,47.0,38.5,3,1,1.1898734177215189,0,1
0,2,1,48.0,0,0,13.0,0,1,1,96.0,13.0,3,1,3.4285714285714284,0,0
0,3,1,28.0,0,0,8.05,0,1,1,84.0,8.05,2,1,3.0939226519337013,0,0
0,3,1,38.0,0,0,7.05,0,1,1,114.0,7.05,3,1,4.720496894409937,0,0
0,2,1,28.0,0,0,0.0,0,1,1,56.0,0.0,2,1,28.0,0,0
0,1,1,56.0,0,0,26.55,0,1,1,56.0,26.55,3,1,2.0326678765880217,0,1
0,3,1,28.0,0,0,7.725,2,1,1,84.0,7.725,2,1,3.209169054441261,0,0
1,3,0,0.75,2,1,19.2583,1,4,0,2.25,4.814575,0,4,0.037021862643953345,1,1
0,3,1,28.0,0,0,7.25,0,1,1,84.0,7.25,2,1,3.393939393939394,0,0
0,3,1,38.0,0,0,8.6625,0,1,1,114.0,8.6625,3,1,3.9327296248382924,0,0
1,2,0,33.0,1,2,27.75,0,4,0,66.0,6.9375,2,4,1.1478260869565218,0,1
1,2,0,23.0,0,0,13.7917,1,1,1,46.0,13.7917,2,1,1.5549260734060317,0,0
0,3,0,22.0,0,0,9.8375,0,1,1,66.0,9.8375,2,1,2.029988465974625,0,0
0,1,1,28.0,0,0,52.0,0,1,1,28.0,52.0,2,1,0.5283018867924528,0,1
0,2,1,34.0,1,0,21.0,0,2,0,68.0,10.5,2,2,1.5454545454545454,0,1
0,3,1,29.0,1,0,7.0458,0,2,0,87.0,3.5229,2,2,3.6043650103159415,0,0
0,3,1,22.0,0,0,7.5208,0,1,1,66.0,7.5208,2,1,2.581917190874096,0,0
1,3,0,2.0,0,1,12.2875,0,2,0,6.0,6.14375,0,2,0.15051740357478835,1,0
0,3,1,9.0,5,2,46.9,0,8,0,27.0,5.8625,0,8,0.18789144050104384,1,1
0,2,1,28.0,0,0,0.0,0,1,1,56.0,0.0,2,1,28.0,0,0
0,3,1,50.0,0,0,8.05,0,1,1,150.0,8.05,3,1,5.524861878453038,0,0
1,3,0,63.0,0,0,9.5875,0,1,1,189.0,9.5875,4,1,5.950413223140496,0,0
1,1,1,25.0,1,0,91.0792,1,2,0,25.0,45.5396,2,2,0.2715053996993892,0,1
0,3,0,28.0,3,1,25.4667,0,5,0,84.0,5.0933399999999995,2,5,1.057933176406579,0,1
1,1,0,35.0,1,0,90.0,0,2,0,35.0,45.0,2,2,0.38461538461538464,0,1
0,1,1,58.0,0,0,29.7,1,1,1,58.0,29.7,3,1,1.8892508143322475,0,1
0,3,1,30.0,0,0,8.05,0,1,1,90.0,8.05,2,1,3.3149171270718227,0,0
1,3,1,9.0,1,1,15.9,0,3,0,27.0,5.3,0,3,0.5325443786982249,1,1
0,3,1,28.0,1,0,19.9667,0,2,0,84.0,9.98335,2,2,1.3354509770254737,0,1
0,3,1,21.0,0,0,7.25,0,1,1,63.0,7.25,2,1,2.5454545454545454,0,0
0,1,1,55.0,0,0,30.5,0,1,1,55.0,30.5,3,1,1.746031746031746,0,1
0,1,1,71.0,0,0,49.5042,1,1,1,71.0,49.5042,4,1,1.4058236740706713,0,1
0,3,1,21.0,0,0,8.05,0,1,1,63.0,8.05,2,1,2.320441988950276,0,0
0,3,1,28.0,0,0,14.4583,1,1,1,84.0,14.4583,2,1,1.8113246605383517,0,1
1,1,0,54.0,1,0,78.2667,1,2,0,54.0,39.13335,3,2,0.681244457004013,0,1
0,3,1,28.0,0,0,15.1,0,1,1,84.0,15.1,2,1,1.7391304347826086,0,1
0,1,0,25.0,1,2,151.55,0,4,0,25.0,37.8875,2,4,0.16388069485414616,0,1
0,3,1,24.0,0,0,7.7958,0,1,1,72.0,7.7958,2,1,2.7285750017053596,0,0
0,3,1,17.0,0,0,8.6625,0,1,1,51.0,8.6625,1,1,1.7593790426908151,0,0
0,3,0,21.0,0,0,7.75,2,1,1,63.0,7.75,2,1,2.4,0,0
0,3,0,28.0,0,0,7.6292,2,1,1,84.0,7.6292,2,1,3.2447967366615673,0,0
0,3,0,37.0,0,0,9.5875,0,1,1,111.0,9.5875,3,1,3.4946871310507674,0,0
1,1,0,16.0,0,0,86.5,0,1,1,16.0,86.5,1,1,0.18285714285714286,0,1
0,1,1,18.0,1,0,108.9,1,2,0,18.0,54.45,1,2,0.1637852593266606,0,1
1,2,0,33.0,0,2,26.0,0,3,0,66.0,8.666666666666666,2,3,1.2222222222222223,0,1
1,1,1,28.0,0,0,26.55,0,1,1,28.0,26.55,2,1,1.0163339382940109,0,1
0,3,1,28.0,0,0,22.525,0,1,1,84.0,22.525,2,1,1.1902231668437833,0,1
1,3,1,26.0,0,0,56.4958,0,1,1,78.0,56.4958,2,1,0.45220694381154797,0,1
1,3,1,29.0,0,0,7.75,2,1,1,87.0,7.75,2,1,3.3142857142857145,0,0
0,3,1,28.0,0,0,8.05,0,1,1,84.0,8.05,2,1,3.0939226519337013,0,0
1,1,1,36.0,0,0,26.2875,0,1,1,36.0,26.2875,3,1,1.3192853870819972,0,1
1,1,0,54.0,1,0,59.4,1,2,0,54.0,29.7,3,2,0.8940397350993378,0,1
0,3,1,24.0,0,0,7.4958,0,1,1,72.0,7.4958,2,1,2.824925257185904,0,0
0,1,1,47.0,0,0,34.0208,0,1,1,47.0,34.0208,3,1,1.3420595760233918,0,1
1,2,0,34.0,0,0,10.5,0,1,1,68.0,10.5,2,1,2.9565217391304346,0,0
0,3,1,28.0,0,0,24.15,2,1,1,84.0,24.15,2,1,1.1133200795228628,0,1
1,2,0,36.0,1,0,26.0,0,2,0,72.0,13.0,3,2,1.3333333333333333,0,1
0,3,1,32.0,0,0,7.8958,0,1,1,96.0,7.8958,2,1,3.597203174531801,0,0
1,1,0,30.0,0,0,93.5,0,1,1,30.0,93.5,2,1,0.31746031746031744,0,1
0,3,1,22.0,0,0,7.8958,0,1,1,66.0,7.8958,2,1,2.4730771824906133,0,0
0,3,1,28.0,0,0,7.225,1,1,1,84.0,7.225,2,1,3.404255319148936,0,0
1,1,0,44.0,0,1,57.9792,1,2,0,44.0,28.9896,3,2,0.7460257175410993,0,1
0,3,1,28.0,0,0,7.2292,1,1,1,84.0,7.2292,2,1,3.4025178632187822,0,0
0,3,1,40.5,0,0,7.75,2,1,1,121.5,7.75,3,1,4.628571428571429,0,0
1,2,0,50.0,0,0,10.5,0,1,1,100.0,10.5,3,1,4.3478260869565215,0,0
0,1,1,28.0,0,0,221.7792,0,1,1,28.0,221.7792,2,1,0.12568498315821225,0,1
0,3,1,39.0,0,0,7.925,0,1,1,117.0,7.925,3,1,4.369747899159663,0,0
0,2,1,23.0,2,1,11.5,0,4,0,46.0,2.875,2,4,1.84,0,0
1,2,0,2.0,1,1,26.0,0,3,0,4.0,8.666666666666666,0,3,0.07407407407407407,1,1
0,3,1,28.0,0,0,7.2292,1,1,1,84.0,7.2292,2,1,3.4025178632187822,0,0
0,3,1,17.0,1,1,7.2292,1,3,0,51.0,2.409733333333333,1,3,2.065814416954261,0,0
1,3,0,28.0,0,2,22.3583,1,3,0,84.0,7.452766666666666,2,3,1.1987173724115197,0,1
0,3,0,30.0,0,0,8.6625,0,1,1,90.0,8.6625,2,1,3.1047865459249677,0,0
1,2,0,7.0,0,2,26.25,0,3,0,14.0,8.75,0,3,0.25688073394495414,1,1
0,1,1,45.0,0,0,26.55,0,1,1,45.0,26.55,3,1,1.6333938294010888,0,1
1,1,0,30.0,0,0,106.425,1,1,1,30.0,106.425,2,1,0.27926460321154295,0,1
0,3,1,28.0,0,0,14.5,0,1,1,84.0,14.5,2,1,1.8064516129032258,0,1
1,1,0,22.0,0,2,49.5,1,3,0,22.0,16.5,2,3,0.43564356435643564,0,1
1,1,0,36.0,0,2,71.0,0,3,0,36.0,23.666666666666668,3,3,0.5,0,1
0,3,0,9.0,4,2,31.275,0,7,0,27.0,4.4678571428571425,0,7,0.278853601859024,1,1
0,3,0,11.0,4,2,31.275,0,7,0,33.0,4.4678571428571425,0,7,0.34082106893880715,1,1
1,2,1,32.0,1,0,26.0,0,2,0,64.0,13.0,2,2,1.1851851851851851,0,1
0,1,1,50.0,1,0,106.425,1,2,0,50.0,53.2125,3,2,0.46544100535257155,0,1
0,1,1,64.0,0,0,26.0,0,1,1,64.0,26.0,4,1,2.3703703703703702,0,1
1,2,0,19.0,1,0,26.0,0,2,0,38.0,13.0,2,2,0.7037037037037037,0,1
1,2,1,28.0,0,0,13.8625,1,1,1,56.0,13.8625,2,1,1.8839360807401178,0,0
0,3,1,33.0,1,1,20.525,0,3,0,99.0,6.841666666666666,2,3,1.5331010452961673,0,1
1,2,1,8.0,1,1,36.75,0,3,0,16.0,12.25,0,3,0.2119205298013245,1,1
1,1,1,17.0,0,2,110.8833,1,3,0,17.0,36.9611,1,3,0.15194403454313557,0,1
0,2,1,27.0,0,0,26.0,0,1,1,54.0,26.0,2,1,1.0,0,1
0,3,1,28.0,0,0,7.8292,2,1,1,84.0,7.8292,2,1,3.17129524758755,0,0
1,3,1,22.0,0,0,7.225,1,1,1,66.0,7.225,2,1,2.674772036474164,0,0
1,3,0,22.0,0,0,7.775,0,1,1,66.0,7.775,2,1,2.507122507122507,0,0
0,1,1,62.0,0,0,26.55,0,1,1,62.0,26.55,4,1,2.2504537205081667,0,1
1,1,0,48.0,1,0,39.6,1,2,0,48.0,19.8,3,2,1.1822660098522166,0,1
0,1,1,28.0,0,0,227.525,1,1,1,28.0,227.525,2,1,0.12252488786784815,0,1
1,1,0,39.0,1,1,79.65,0,3,0,39.0,26.55,3,3,0.4835709857408555,0,1
1,3,0,36.0,1,0,17.4,0,2,0,108.0,8.7,3,2,1.956521739130435,0,1
0,3,1,28.0,0,0,7.75,2,1,1,84.0,7.75,2,1,3.2,0,0
0,3,1,40.0,0,0,7.8958,0,1,1,120.0,7.8958,3,1,4.496503968164752,0,0
0,2,1,28.0,0,0,13.5,0,1,1,56.0,13.5,2,1,1.9310344827586208,0,0
0,3,1,28.0,0,0,8.05,0,1,1,84.0,8.05,2,1,3.0939226519337013,0,0
0,3,0,28.0,0,0,8.05,0,1,1,84.0,8.05,2,1,3.0939226519337013,0,0
0,3,1,24.0,2,0,24.15,0,3,0,72.0,8.049999999999999,2,3,0.9542743538767396,0,1
0,3,1,19.0,0,0,7.8958,0,1,1,57.0,7.8958,2,1,2.1358393848782566,0,0
0,3,0,29.0,0,4,21.075,0,5,0,87.0,4.215,2,5,1.3137032842582106,0,1
0,3,1,28.0,0,0,7.2292,1,1,1,84.0,7.2292,2,1,3.4025178632187822,0,0
1,3,1,32.0,0,0,7.8542,0,1,1,96.0,7.8542,2,1,3.6141040410200813,0,0
1,2,1,62.0,0,0,10.5,0,1,1,124.0,10.5,4,1,5.391304347826087,0,0
1,1,0,53.0,2,0,51.4792,0,3,0,53.0,17.15973333333333,3,3,1.0099239317672526,0,1
1,1,1,36.0,0,0,26.3875,0,1,1,36.0,26.3875,3,1,1.3144682793245095,0,1
1,3,0,28.0,0,0,7.75,2,1,1,84.0,7.75,2,1,3.2,0,0
0,3,1,16.0,0,0,8.05,0,1,1,48.0,8.05,1,1,1.7679558011049723,0,0
0,3,1,19.0,0,0,14.5,0,1,1,57.0,14.5,2,1,1.2258064516129032,0,1
1,2,0,34.0,0,0,13.0,0,1,1,68.0,13.0,2,1,2.4285714285714284,0,0
1,1,0,39.0,1,0,55.9,0,2,0,39.0,27.95,3,2,0.6854130052724078,0,1
0,3,0,28.0,1,0,14.4583,1,2,0,84.0,7.22915,2,2,1.8113246605383517,0,1
1,3,1,32.0,0,0,7.925,0,1,1,96.0,7.925,2,1,3.5854341736694675,0,0
1,2,0,25.0,1,1,30.0,0,3,0,50.0,10.0,2,3,0.8064516129032258,0,1
1,1,0,39.0,1,1,110.8833,1,3,0,39.0,36.9611,3,3,0.3485774910107228,0,1
0,2,1,54.0,0,0,26.0,0,1,1,108.0,26.0,3,1,2.0,0,1
0,1,1,36.0,0,0,40.125,1,1,1,36.0,40.125,3,1,0.8753799392097265,0,1
0,3,1,28.0,0,0,8.7125,1,1,1,84.0,8.7125,2,1,2.8828828828828827,0,0
1,1,0,18.0,0,2,79.65,0,3,0,18.0,26.55,1,3,0.22318660880347177,0,1
0,2,1,47.0,0,0,15.0,0,1,1,94.0,15.0,3,1,2.9375,0,1
1,1,1,60.0,1,1,79.2,1,3,0,60.0,26.400000000000002,3,3,0.7481296758104737,0,1
0,3,1,22.0,0,0,8.05,0,1,1,66.0,8.05,2,1,2.430939226519337,0,0
0,3,1,28.0,0,0,8.05,0,1,1,84.0,8.05,2,1,3.0939226519337013,0,0
0,3,1,35.0,0,0,7.125,0,1,1,105.0,7.125,2,1,4.3076923076923075,0,0
1,1,0,52.0,1,0,78.2667,1,2,0,52.0,39.13335,3,2,0.6560131808186792,0,1
0,3,1,47.0,0,0,7.25,0,1,1,141.0,7.25,3,1,5.696969696969697,0,0
0,3,0,28.0,0,2,7.75,2,3,0,84.0,2.5833333333333335,2,3,3.2,0,0
0,2,1,37.0,1,0,26.0,0,2,0,74.0,13.0,3,2,1.3703703703703705,0,1
0,3,1,36.0,1,1,24.15,0,3,0,108.0,8.049999999999999,3,3,1.4314115308151094,0,1
1,2,0,28.0,0,0,33.0,0,1,1,56.0,33.0,2,1,0.8235294117647058,0,1
0,3,1,49.0,0,0,0.0,0,1,1,147.0,0.0,3,1,49.0,0,0
0,3,1,28.0,0,0,7.225,1,1,1,84.0,7.225,2,1,3.404255319148936,0,0
1,1,1,49.0,1,0,56.9292,1,2,0,49.0,28.4646,3,2,0.8458601189037652,0,1
1,2,0,24.0,2,1,27.0,0,4,0,48.0,6.75,2,4,0.8571428571428571,0,1
0,3,1,28.0,0,0,7.8958,0,1,1,84.0,7.8958,2,1,3.147552777715326,0,0
0,1,1,28.0,0,0,42.4,0,1,1,28.0,42.4,2,1,0.6451612903225806,0,1
0,3,1,44.0,0,0,8.05,0,1,1,132.0,8.05,3,1,4.861878453038674,0,0
1,1,1,35.0,0,0,26.55,1,1,1,35.0,26.55,2,1,1.2704174228675136,0,1
0,3,1,36.0,1,0,15.55,0,2,0,108.0,7.775,3,2,2.175226586102719,0,1
0,3,1,30.0,0,0,7.8958,0,1,1,90.0,7.8958,2,1,3.3723779761235635,0,0
1,1,1,27.0,0,0,30.5,0,1,1,27.0,30.5,2,1,0.8571428571428571,0,1
1,2,0,22.0,1,2,41.5792,1,4,0,44.0,10.3948,2,4,0.5166842026153615,0,1
1,1,0,40.0,0,0,153.4625,0,1,1,40.0,153.4625,3,1,0.25896253135874403,0,1
0,3,0,39.0,1,5,31.275,0,7,0,117.0,4.4678571428571425,3,7,1.2083656080557708,0,1
0,3,1,28.0,0,0,7.05,0,1,1,84.0,7.05,2,1,3.4782608695652173,0,0
1,3,0,28.0,1,0,15.5,2,2,0,84.0,7.75,2,2,1.696969696969697,0,1
0,3,1,28.0,0,0,7.75,2,1,1,84.0,7.75,2,1,3.2,0,0
0,3,1,35.0,0,0,8.05,0,1,1,105.0,8.05,2,1,3.867403314917127,0,0
1,2,0,24.0,1,2,65.0,0,4,0,48.0,16.25,2,4,0.36363636363636365,0,1
0,3,1,34.0,1,1,14.4,0,3,0,102.0,4.8,2,3,2.207792207792208,0,0
0,3,0,26.0,1,0,16.1,0,2,0,78.0,8.05,2,2,1.5204678362573099,0,1
1,2,0,4.0,2,1,39.0,0,4,0,8.0,9.75,0,4,0.1,1,1
0,2,1,26.0,0,0,10.5,0,1,1,52.0,10.5,2,1,2.260869565217391,0,0
0,3,1,27.0,1,0,14.4542,1,2,0,81.0,7.2271,2,2,1.7470978763054703,0,0
1,1,1,42.0,1,0,52.5542,0,2,0,42.0,26.2771,3,2,0.7842522155125088,0,1
1,3,1,20.0,1,1,15.7417,1,3,0,60.0,5.247233333333333,2,3,1.1946218125996761,0,1
0,3,1,21.0,0,0,7.8542,0,1,1,63.0,7.8542,2,1,2.3717557769194286,0,0
0,3,1,21.0,0,0,16.1,0,1,1,63.0,16.1,2,1,1.2280701754385963,0,1
0,1,1,61.0,0,0,32.3208,0,1,1,61.0,32.3208,4,1,1.8306883388153947,0,1
0,2,1,57.0,0,0,12.35,2,1,1,114.0,12.35,3,1,4.269662921348314,0,0
1,1,0,21.0,0,0,77.9583,0,1,1,21.0,77.9583,2,1,0.2659631729659833,0,1
0,3,1,26.0,0,0,7.8958,0,1,1,78.0,7.8958,2,1,2.922727579307088,0,0
0,3,1,28.0,0,0,7.7333,2,1,1,84.0,7.7333,2,1,3.206119107324837,0,0
1,1,1,80.0,0,0,30.0,0,1,1,80.0,30.0,4,1,2.5806451612903225,0,1
0,3,1,51.0,0,0,7.0542,0,1,1,153.0,7.0542,3,1,6.332100022348588,0,0
1,1,1,32.0,0,0,30.5,1,1,1,32.0,30.5,2,1,1.0158730158730158,0,1
0,1,1,28.0,0,0,0.0,0,1,1,28.0,0.0,2,1,28.0,0,0
0,3,0,9.0,3,2,27.9,0,6,0,27.0,4.6499999999999995,0,6,0.31141868512110726,1,1
1,2,0,28.0,0,0,13.0,0,1,1,56.0,13.0,2,1,2.0,0,0
0,3,1,32.0,0,0,7.925,0,1,1,96.0,7.925,2,1,3.5854341736694675,0,0
0,2,1,31.0,1,1,26.25,0,3,0,62.0,8.75,2,3,1.1376146788990826,0,1
0,3,0,41.0,0,5,39.6875,0,6,0,123.0,6.614583333333333,3,6,1.0076804915514592,0,1
0,3,1,28.0,1,0,16.1,0,2,0,84.0,8.05,2,2,1.6374269005847952,0,1
0,3,1,20.0,0,0,7.8542,0,1,1,60.0,7.8542,2,1,2.258815025637551,0,0
1,1,0,24.0,0,0,69.3,1,1,1,24.0,69.3,2,1,0.34139402560455195,0,1
0,3,0,2.0,3,2,27.9,0,6,0,6.0,4.6499999999999995,0,6,0.06920415224913495,1,1
1,3,1,28.0,0,0,56.4958,0,1,1,84.0,56.4958,2,1,0.4869920933355132,0,1
1,3,0,0.75,2,1,19.2583,1,4,0,2.25,4.814575,0,4,0.037021862643953345,1,1
1,1,1,48.0,1,0,76.7292,1,2,0,48.0,38.3646,3,2,0.617528547830159,0,1
0,3,1,19.0,0,0,7.8958,0,1,1,57.0,7.8958,2,1,2.1358393848782566,0,0
1,1,1,56.0,0,0,35.5,1,1,1,56.0,35.5,3,1,1.5342465753424657,0,1
0,3,1,28.0,0,0,7.55,0,1,1,84.0,7.55,2,1,3.2748538011695905,0,0
1,3,0,23.0,0,0,7.55,0,1,1,69.0,7.55,2,1,2.6900584795321634,0,0
0,3,1,28.0,0,0,7.8958,0,1,1,84.0,7.8958,2,1,3.147552777715326,0,0
1,2,0,18.0,0,1,23.0,0,2,0,36.0,11.5,1,2,0.75,0,1
0,3,1,21.0,0,0,8.4333,0,1,1,63.0,8.4333,2,1,2.2261562761705873,0,0
1,3,0,28.0,0,0,7.8292,2,1,1,84.0,7.8292,2,1,3.17129524758755,0,0
0,3,0,18.0,0,0,6.75,2,1,1,54.0,6.75,1,1,2.3225806451612905,0,0
0,2,1,24.0,2,0,73.5,0,3,0,48.0,24.5,2,3,0.3221476510067114,0,1
0,3,1,28.0,0,0,7.8958,0,1,1,84.0,7.8958,2,1,3.147552777715326,0,0
0,3,0,32.0,1,1,15.5,2,3,0,96.0,5.166666666666667,2,3,1.9393939393939394,0,1
0,2,1,23.0,0,0,13.0,0,1,1,46.0,13.0,2,1,1.6428571428571428,0,0
0,1,1,58.0,0,2,113.275,1,3,0,58.0,37.75833333333333,3,3,0.5075475825858674,0,1
1,1,1,50.0,2,0,133.65,0,3,0,50.0,44.550000000000004,3,3,0.3713330857779428,0,1
0,3,1,40.0,0,0,7.225,1,1,1,120.0,7.225,3,1,4.86322188449848,0,0
0,1,1,47.0,0,0,25.5875,0,1,1,47.0,25.5875,3,1,1.7677480018805831,0,1
0,3,1,36.0,0,0,7.4958,0,1,1,108.0,7.4958,3,1,4.237387885778856,0,0
1,3,1,20.0,1,0,7.925,0,2,0,60.0,3.9625,2,2,2.2408963585434174,0,0
0,2,1,32.0,2,0,73.5,0,3,0,64.0,24.5,2,3,0.42953020134228187,0,1
0,2,1,25.0,0,0,13.0,0,1,1,50.0,13.0,2,1,1.7857142857142858,0,0
0,3,1,28.0,0,0,7.775,0,1,1,84.0,7.775,2,1,3.190883190883191,0,0
0,3,1,43.0,0,0,8.05,0,1,1,129.0,8.05,3,1,4.751381215469613,0,0
1,1,0,28.0,1,0,52.0,0,2,0,28.0,26.0,2,2,0.5283018867924528,0,1
1,2,0,40.0,1,1,39.0,0,3,0,80.0,13.0,3,3,1.0,0,1
0,1,1,31.0,1,0,52.0,0,2,0,31.0,26.0,2,2,0.5849056603773585,0,1
0,2,1,70.0,0,0,10.5,0,1,1,140.0,10.5,4,1,6.086956521739131,0,0
1,2,1,31.0,0,0,13.0,0,1,1,62.0,13.0,2,1,2.2142857142857144,0,0
0,2,1,28.0,0,0,0.0,0,1,1,56.0,0.0,2,1,28.0,0,0
0,3,1,18.0,0,0,7.775,0,1,1,54.0,7.775,1,1,2.051282051282051,0,0
0,3,1,24.5,0,0,8.05,0,1,1,73.5,8.05,2,1,2.707182320441989,0,0
1,3,0,18.0,0,0,9.8417,0,1,1,54.0,9.8417,1,1,1.6602562328786077,0,0
0,3,0,43.0,1,6,46.9,0,8,0,129.0,5.8625,3,8,0.8977035490605428,0,1
1,1,1,36.0,0,1,512.3292,1,2,0,36.0,256.1646,3,2,0.07013043481648813,0,1
0,3,0,28.0,0,0,8.1375,2,1,1,84.0,8.1375,2,1,3.0642954856361153,0,0
1,1,1,27.0,0,0,76.7292,1,1,1,27.0,76.7292,2,1,0.34735980815446443,0,1
0,3,1,20.0,0,0,9.225,0,1,1,60.0,9.225,2,1,1.9559902200488999,0,0
0,3,1,14.0,5,2,46.9,0,8,0,42.0,5.8625,1,8,0.29227557411273486,1,1
0,2,1,60.0,1,1,39.0,0,3,0,120.0,13.0,3,3,1.5,0,1
0,2,1,25.0,1,2,41.5792,1,4,0,50.0,10.3948,2,4,0.587141139335638,0,1
0,3,1,14.0,4,1,39.6875,0,6,0,42.0,6.614583333333333,1,6,0.34408602150537637,1,1
0,3,1,19.0,0,0,10.1708,0,1,1,57.0,10.1708,2,1,1.7008629641565511,0,0
0,3,1,18.0,0,0,7.7958,0,1,1,54.0,7.7958,1,1,2.0464312512790195,0,0
1,1,0,15.0,0,1,211.3375,0,2,0,15.0,105.66875,1,2,0.07064225584270324,1,1
1,1,1,31.0,1,0,57.0,0,2,0,31.0,28.5,2,2,0.5344827586206896,0,1
1,3,0,4.0,0,1,13.4167,1,2,0,12.0,6.70835,0,2,0.2774560058820673,1,0
1,3,1,28.0,0,0,56.4958,0,1,1,84.0,56.4958,2,1,0.4869920933355132,0,1
0,3,1,25.0,0,0,7.225,1,1,1,75.0,7.225,2,1,3.0395136778115504,0,0
0,1,1,60.0,0,0,26.55,0,1,1,60.0,26.55,3,1,2.1778584392014517,0,1
0,2,1,52.0,0,0,13.5,0,1,1,104.0,13.5,3,1,3.586206896551724,0,0
0,3,1,44.0,0,0,8.05,0,1,1,132.0,8.05,3,1,4.861878453038674,0,0
1,3,0,28.0,0,0,7.7333,2,1,1,84.0,7.7333,2,1,3.206119107324837,0,0
0,1,1,49.0,1,1,110.8833,1,3,0,49.0,36.9611,3,3,0.43795633485962604,0,1
0,3,1,42.0,0,0,7.65,0,1,1,126.0,7.65,3,1,4.855491329479769,0,0
1,1,0,18.0,1,0,227.525,1,2,0,18.0,113.7625,1,2,0.07876599934361667,0,1
1,1,1,35.0,0,0,26.2875,0,1,1,35.0,26.2875,2,1,1.2826385707741639,0,1
0,3,0,18.0,0,1,14.4542,1,2,0,54.0,7.2271,1,2,1.1647319175369801,0,0
0,3,1,25.0,0,0,7.7417,2,1,1,75.0,7.7417,2,1,2.859855634487571,0,0
0,3,1,26.0,1,0,7.8542,0,2,0,78.0,3.9271,2,2,2.936459533328816,0,0
0,2,1,39.0,0,0,26.0,0,1,1,78.0,26.0,3,1,1.4444444444444444,0,1
1,2,0,45.0,0,0,13.5,0,1,1,90.0,13.5,3,1,3.103448275862069,0,0
1,1,1,42.0,0,0,26.2875,0,1,1,42.0,26.2875,3,1,1.5391662849289967,0,1
1,1,0,22.0,0,0,151.55,0,1,1,22.0,151.55,2,1,0.14421501147164864,0,1
1,3,1,28.0,1,1,15.2458,1,3,0,84.0,5.081933333333333,2,3,1.723522387324724,0,1
1,1,0,24.0,0,0,49.5042,1,1,1,24.0,49.5042,2,1,0.4752080025027622,0,1
0,1,1,28.0,0,0,26.55,0,1,1,28.0,26.55,2,1,1.0163339382940109,0,1
1,1,1,48.0,1,0,52.0,0,2,0,48.0,26.0,3,2,0.9056603773584906,0,1
0,3,1,29.0,0,0,9.4833,0,1,1,87.0,9.4833,2,1,2.766304503352952,0,0
0,2,1,52.0,0,0,13.0,0,1,1,104.0,13.0,3,1,3.7142857142857144,0,0
0,3,1,19.0,0,0,7.65,0,1,1,57.0,7.65,2,1,2.1965317919075145,0,0
1,1,0,38.0,0,0,227.525,1,1,1,38.0,227.525,3,1,0.16628377639207964,0,1
1,2,0,27.0,0,0,10.5,0,1,1,54.0,10.5,2,1,2.347826086956522,0,0
0,3,1,28.0,0,0,15.5,2,1,1,84.0,15.5,2,1,1.696969696969697,0,1
0,3,1,33.0,0,0,7.775,0,1,1,99.0,7.775,2,1,3.7606837606837606,0,0
1,2,0,6.0,0,1,33.0,0,2,0,12.0,16.5,0,2,0.17647058823529413,1,1
0,3,1,17.0,1,0,7.0542,0,2,0,51.0,3.5271,1,2,2.1107000074495295,0,0
0,2,1,34.0,0,0,13.0,0,1,1,68.0,13.0,2,1,2.4285714285714284,0,0
0,2,1,50.0,0,0,13.0,0,1,1,100.0,13.0,3,1,3.5714285714285716,0,0
1,1,1,27.0,1,0,53.1,0,2,0,27.0,26.55,2,2,0.49907578558225507,0,1
0,3,1,20.0,0,0,8.6625,0,1,1,60.0,8.6625,2,1,2.069857697283312,0,0
1,2,0,30.0,3,0,21.0,0,4,0,60.0,5.25,2,4,1.3636363636363635,0,1
1,3,0,28.0,0,0,7.7375,2,1,1,84.0,7.7375,2,1,3.204577968526466,0,0
0,2,1,25.0,1,0,26.0,0,2,0,50.0,13.0,2,2,0.9259259259259259,0,1
0,3,0,25.0,1,0,7.925,0,2,0,75.0,3.9625,2,2,2.8011204481792715,0,0
1,1,0,29.0,0,0,211.3375,0,1,1,29.0,211.3375,2,1,0.1365750279625596,0,1
0,3,1,11.0,0,0,18.7875,1,1,1,33.0,18.7875,0,1,0.5559065066329754,1,1
0,2,1,28.0,0,0,0.0,0,1,1,56.0,0.0,2,1,28.0,0,0
0,2,1,23.0,0,0,13.0,0,1,1,46.0,13.0,2,1,1.6428571428571428,0,0
0,2,1,23.0,0,0,13.0,0,1,1,46.0,13.0,2,1,1.6428571428571428,0,0
0,3,1,28.5,0,0,16.1,0,1,1,85.5,16.1,2,1,1.6666666666666665,0,1
0,3,0,48.0,1,3,34.375,0,5,0,144.0,6.875,3,5,1.3568904593639577,0,1
1,1,1,35.0,0,0,512.3292,1,1,1,35.0,512.3292,2,1,0.0681823671826968,0,1
0,3,1,28.0,0,0,7.8958,0,1,1,84.0,7.8958,2,1,3.147552777715326,0,0
0,3,1,28.0,0,0,7.8958,0,1,1,84.0,7.8958,2,1,3.147552777715326,0,0
1,1,1,28.0,0,0,30.0,0,1,1,28.0,30.0,2,1,0.9032258064516129,0,1
0,1,1,36.0,1,0,78.85,0,2,0,36.0,39.425,3,2,0.4508453350031309,0,1
1,1,0,21.0,2,2,262.375,1,5,0,21.0,52.475,2,5,0.07973421926910298,0,1
0,3,1,24.0,1,0,16.1,0,2,0,72.0,8.05,2,2,1.4035087719298245,0,1
1,3,1,31.0,0,0,7.925,0,1,1,93.0,7.925,2,1,3.4733893557422966,0,0
0,1,1,70.0,1,1,71.0,0,3,0,70.0,23.666666666666668,4,3,0.9722222222222222,0,1
0,3,1,16.0,1,1,20.25,0,3,0,48.0,6.75,1,3,0.7529411764705882,0,1
1,2,0,30.0,0,0,13.0,0,1,1,60.0,13.0,2,1,2.142857142857143,0,0
0,1,1,19.0,1,0,53.1,0,2,0,19.0,26.55,2,2,0.3512014787430684,0,1
0,3,1,31.0,0,0,7.75,2,1,1,93.0,7.75,2,1,3.5428571428571427,0,0
1,2,0,4.0,1,1,23.0,0,3,0,8.0,7.666666666666667,0,3,0.16666666666666666,1,1
1,3,1,6.0,0,1,12.475,0,2,0,18.0,6.2375,0,2,0.4452690166975881,1,0
0,3,1,33.0,0,0,9.5,0,1,1,99.0,9.5,2,1,3.142857142857143,0,0
0,3,1,23.0,0,0,7.8958,0,1,1,69.0,7.8958,2,1,2.585489781694732,0,0
1,2,0,48.0,1,2,65.0,0,4,0,96.0,16.25,3,4,0.7272727272727273,0,1
1,2,1,0.67,1,1,14.5,0,3,0,1.34,4.833333333333333,0,3,0.043225806451612905,1,1
0,3,1,28.0,0,0,7.7958,0,1,1,84.0,7.7958,2,1,3.183337501989586,0,0
0,2,1,18.0,0,0,11.5,0,1,1,36.0,11.5,1,1,1.44,0,0
0,3,1,34.0,0,0,8.05,0,1,1,102.0,8.05,2,1,3.756906077348066,0,0
1,1,0,33.0,0,0,86.5,0,1,1,33.0,86.5,2,1,0.37714285714285717,0,1
0,3,1,28.0,0,0,14.5,0,1,1,84.0,14.5,2,1,1.8064516129032258,0,1
0,3,1,41.0,0,0,7.125,0,1,1,123.0,7.125,3,1,5.046153846153846,0,0
1,3,1,20.0,0,0,7.2292,1,1,1,60.0,7.2292,2,1,2.4303699022991303,0,0
1,1,0,36.0,1,2,120.0,0,4,0,36.0,30.0,3,4,0.2975206611570248,0,1
0,3,1,16.0,0,0,7.775,0,1,1,48.0,7.775,1,1,1.8233618233618234,0,0
1,1,0,51.0,1,0,77.9583,0,2,0,51.0,38.97915,3,2,0.6459105629173881,0,1
0,1,1,28.0,0,0,39.6,1,1,1,28.0,39.6,2,1,0.689655172413793,0,1
0,3,0,30.5,0,0,7.75,2,1,1,91.5,7.75,2,1,3.4857142857142858,0,0
0,3,1,28.0,1,0,24.15,2,2,0,84.0,12.075,2,2,1.1133200795228628,0,1
0,3,1,32.0,0,0,8.3625,0,1,1,96.0,8.3625,2,1,3.4178905206942587,0,0
0,3,1,24.0,0,0,9.5,0,1,1,72.0,9.5,2,1,2.2857142857142856,0,0
0,3,1,48.0,0,0,7.8542,0,1,1,144.0,7.8542,3,1,5.421156061530122,0,0
0,2,0,57.0,0,0,10.5,0,1,1,114.0,10.5,3,1,4.956521739130435,0,0
0,3,1,28.0,0,0,7.225,1,1,1,84.0,7.225,2,1,3.404255319148936,0,0
1,2,0,54.0,1,3,23.0,0,5,0,108.0,4.6,3,5,2.25,0,1
0,3,1,18.0,0,0,7.75,0,1,1,54.0,7.75,1,1,2.057142857142857,0,0
0,3,1,28.0,0,0,7.75,2,1,1,84.0,7.75,2,1,3.2,0,0
1,3,0,5.0,0,0,12.475,0,1,1,15.0,12.475,0,1,0.3710575139146568,1,0
0,3,1,28.0,0,0,7.7375,2,1,1,84.0,7.7375,2,1,3.204577968526466,0,0
1,1,0,43.0,0,1,211.3375,0,2,0,43.0,105.66875,3,2,0.20250780008241595,0,1
1,3,0,13.0,0,0,7.2292,1,1,1,39.0,7.2292,1,1,1.5797404364944347,1,0
1,1,0,17.0,1,0,57.0,0,2,0,17.0,28.5,1,2,0.29310344827586204,0,1
0,1,1,29.0,0,0,30.0,0,1,1,29.0,30.0,2,1,0.9354838709677419,0,1
0,3,1,28.0,1,2,23.45,0,4,0,84.0,5.8625,2,4,1.1451942740286298,0,1
0,3,1,25.0,0,0,7.05,0,1,1,75.0,7.05,2,1,3.105590062111801,0,0
0,3,1,25.0,0,0,7.25,0,1,1,75.0,7.25,2,1,3.0303030303030303,0,0
1,3,0,18.0,0,0,7.4958,0,1,1,54.0,7.4958,1,1,2.118693942889428,0,0
0,3,1,8.0,4,1,29.125,2,6,0,24.0,4.854166666666667,0,6,0.26556016597510373,1,1
1,3,1,1.0,1,2,20.575,0,4,0,3.0,5.14375,0,4,0.046349942062572425,1,1
0,1,1,46.0,0,0,79.2,1,1,1,46.0,79.2,3,1,0.57356608478803,0,1
0,3,1,28.0,0,0,7.75,2,1,1,84.0,7.75,2,1,3.2,0,0
0,2,1,16.0,0,0,26.0,0,1,1,32.0,26.0,1,1,0.5925925925925926,0,1
0,3,0,28.0,8,2,69.55,0,11,0,84.0,6.322727272727272,2,11,0.39688164422395467,0,1
0,1,1,28.0,0,0,30.6958,1,1,1,28.0,30.6958,2,1,0.8833978003394772,0,1
0,3,1,25.0,0,0,7.8958,0,1,1,75.0,7.8958,2,1,2.8103149801029694,0,0
0,2,1,39.0,0,0,13.0,0,1,1,78.0,13.0,3,1,2.7857142857142856,0,0
1,1,0,49.0,0,0,25.9292,0,1,1,49.0,25.9292,3,1,1.8195861741158295,0,1
1,3,0,31.0,0,0,8.6833,0,1,1,93.0,8.6833,2,1,3.201387956585049,0,0
0,3,1,30.0,0,0,7.2292,1,1,1,90.0,7.2292,2,1,3.6455548534486955,0,0
0,3,0,30.0,1,1,24.15,0,3,0,90.0,8.049999999999999,2,3,1.1928429423459246,0,1
0,2,1,34.0,0,0,13.0,0,1,1,68.0,13.0,2,1,2.4285714285714284,0,0
1,2,0,31.0,1,1,26.25,0,3,0,62.0,8.75,2,3,1.1376146788990826,0,1
1,1,1,11.0,1,2,120.0,0,4,0,11.0,30.0,0,4,0.09090909090909091,1,1
1,3,1,0.42,0,1,8.5167,1,2,0,1.26,4.25835,0,2,0.044132945243624364,1,0
1,3,1,27.0,0,0,6.975,0,1,1,81.0,6.975,2,1,3.3855799373040756,0,0
0,3,1,31.0,0,0,7.775,0,1,1,93.0,7.775,2,1,3.5327635327635325,0,0
0,1,1,39.0,0,0,0.0,0,1,1,39.0,0.0,3,1,39.0,0,0
0,3,0,18.0,0,0,7.775,0,1,1,54.0,7.775,1,1,2.051282051282051,0,0
0,2,1,39.0,0,0,13.0,0,1,1,78.0,13.0,3,1,2.7857142857142856,0,0
1,1,0,33.0,1,0,53.1,0,2,0,33.0,26.55,2,2,0.609981515711645,0,1
0,3,1,26.0,0,0,7.8875,0,1,1,78.0,7.8875,2,1,2.9254571026722926,0,0
0,3,1,39.0,0,0,24.15,0,1,1,117.0,24.15,3,1,1.5506958250497018,0,1
0,2,1,35.0,0,0,10.5,0,1,1,70.0,10.5,2,1,3.0434782608695654,0,0
0,3,0,6.0,4,2,31.275,0,7,0,18.0,4.4678571428571425,0,7,0.18590240123934934,1,1
0,3,1,30.5,0,0,8.05,0,1,1,91.5,8.05,2,1,3.370165745856353,0,0
0,1,1,28.0,0,0,0.0,0,1,1,28.0,0.0,2,1,28.0,0,0
0,3,0,23.0,0,0,7.925,0,1,1,69.0,7.925,2,1,2.5770308123249297,0,0
0,2,1,31.0,1,1,37.0042,1,3,0,62.0,12.334733333333332,2,3,0.8156993174438615,0,1
0,3,1,43.0,0,0,6.45,0,1,1,129.0,6.45,3,1,5.771812080536913,0,0
0,3,1,10.0,3,2,27.9,0,6,0,30.0,4.6499999999999995,0,6,0.34602076124567477,1,1
1,1,0,52.0,1,1,93.5,0,3,0,52.0,31.166666666666668,3,3,0.5502645502645502,0,1
1,3,1,27.0,0,0,8.6625,0,1,1,81.0,8.6625,2,1,2.794307891332471,0,0
0,1,1,38.0,0,0,0.0,0,1,1,38.0,0.0,3,1,38.0,0,0
1,3,0,27.0,0,1,12.475,0,2,0,81.0,6.2375,2,2,2.0037105751391464,0,0
0,3,1,2.0,4,1,39.6875,0,6,0,6.0,6.614583333333333,0,6,0.04915514592933948,1,1
0,3,1,28.0,0,0,6.95,2,1,1,84.0,6.95,2,1,3.5220125786163523,0,0
0,3,1,28.0,0,0,56.4958,0,1,1,84.0,56.4958,2,1,0.4869920933355132,0,1
1,2,1,1.0,0,2,37.0042,1,3,0,2.0,12.334733333333332,0,3,0.0263128812078665,1,1
1,3,1,28.0,0,0,7.75,2,1,1,84.0,7.75,2,1,3.2,0,0
1,1,0,62.0,0,0,80.0,0,1,1,62.0,80.0,4,1,0.7654320987654321,0,1
1,3,0,15.0,1,0,14.4542,1,2,0,45.0,7.2271,1,2,0.9706099312808169,1,0
1,2,1,0.83,1,1,18.75,0,3,0,1.66,6.25,0,3,0.0420253164556962,1,1
0,3,1,28.0,0,0,7.2292,1,1,1,84.0,7.2292,2,1,3.4025178632187822,0,0
0,3,1,23.0,0,0,7.8542,0,1,1,69.0,7.8542,2,1,2.5976372794831835,0,0
0,3,1,18.0,0,0,8.3,0,1,1,54.0,8.3,1,1,1.9354838709677418,0,0
1,1,0,39.0,1,1,83.1583,1,3,0,39.0,27.71943333333333,3,3,0.46341240257942473,0,1
0,3,1,21.0,0,0,8.6625,0,1,1,63.0,8.6625,2,1,2.1733505821474774,0,0
0,3,1,28.0,0,0,8.05,0,1,1,84.0,8.05,2,1,3.0939226519337013,0,0
1,3,1,32.0,0,0,56.4958,0,1,1,96.0,56.4958,2,1,0.5565623923834436,0,1
1,1,1,28.0,0,0,29.7,1,1,1,28.0,29.7,2,1,0.9120521172638437,0,1
0,3,1,20.0,0,0,7.925,0,1,1,60.0,7.925,2,1,2.2408963585434174,0,0
0,2,1,16.0,0,0,10.5,0,1,1,32.0,10.5,1,1,1.391304347826087,0,0
1,1,0,30.0,0,0,31.0,1,1,1,30.0,31.0,2,1,0.9375,0,1
0,3,1,34.5,0,0,6.4375,1,1,1,103.5,6.4375,2,1,4.638655462184874,0,0
0,3,1,17.0,0,0,8.6625,0,1,1,51.0,8.6625,1,1,1.7593790426908151,0,0
0,3,1,42.0,0,0,7.55,0,1,1,126.0,7.55,3,1,4.912280701754385,0,0
0,3,1,28.0,8,2,69.55,0,11,0,84.0,6.322727272727272,2,11,0.39688164422395467,0,1
0,3,1,35.0,0,0,7.8958,1,1,1,105.0,7.8958,2,1,3.9344409721441576,0,0
0,2,1,28.0,0,1,33.0,0,2,0,56.0,16.5,2,2,0.8235294117647058,0,1
1,1,0,28.0,1,0,89.1042,1,2,0,28.0,44.5521,2,2,0.31075133012667555,0,1
0,3,1,4.0,4,2,31.275,0,7,0,12.0,4.4678571428571425,0,7,0.12393493415956623,1,1
0,3,1,74.0,0,0,7.775,0,1,1,222.0,7.775,4,1,8.433048433048432,0,0
0,3,0,9.0,1,1,15.2458,1,3,0,27.0,5.081933333333333,0,3,0.553989338782947,1,1
1,1,0,16.0,0,1,39.4,0,2,0,16.0,19.7,1,2,0.39603960396039606,0,1
0,2,0,44.0,1,0,26.0,0,2,0,88.0,13.0,3,2,1.6296296296296295,0,1
1,3,0,18.0,0,1,9.35,0,2,0,54.0,4.675,1,2,1.7391304347826086,0,0
1,1,0,45.0,1,1,164.8667,0,3,0,45.0,54.95556666666667,3,3,0.2713021962817129,0,1
1,1,1,51.0,0,0,26.55,0,1,1,51.0,26.55,3,1,1.851179673321234,0,1
1,3,0,24.0,0,3,19.2583,1,4,0,72.0,4.814575,2,4,1.184699604606507,0,1
0,3,1,28.0,0,0,7.2292,1,1,1,84.0,7.2292,2,1,3.4025178632187822,0,0
0,3,1,41.0,2,0,14.1083,0,3,0,123.0,4.702766666666666,3,3,2.7137401295976384,0,0
0,2,1,21.0,1,0,11.5,0,2,0,42.0,5.75,2,2,1.68,0,0
1,1,0,48.0,0,0,25.9292,0,1,1,48.0,25.9292,3,1,1.78245176239918,0,1
0,3,0,28.0,8,2,69.55,0,11,0,84.0,6.322727272727272,2,11,0.39688164422395467,0,1
0,2,1,24.0,0,0,13.0,0,1,1,48.0,13.0,2,1,1.7142857142857142,0,0
1,2,0,42.0,0,0,13.0,0,1,1,84.0,13.0,3,1,3.0,0,0
1,2,0,27.0,1,0,13.8583,1,2,0,54.0,6.92915,2,2,1.8171661630199956,0,0
0,1,1,31.0,0,0,50.4958,0,1,1,31.0,50.4958,2,1,0.6019908419715783,0,1
0,3,1,28.0,0,0,9.5,0,1,1,84.0,9.5,2,1,2.6666666666666665,0,0
1,3,1,4.0,1,1,11.1333,0,3,0,12.0,3.7111,0,3,0.3296712353605367,1,0
0,3,1,26.0,0,0,7.8958,0,1,1,78.0,7.8958,2,1,2.922727579307088,0,0
1,1,0,47.0,1,1,52.5542,0,3,0,47.0,17.518066666666666,3,3,0.8776155745020932,0,1
0,1,1,33.0,0,0,5.0,0,1,1,33.0,5.0,2,1,5.5,0,0
0,3,1,47.0,0,0,9.0,0,1,1,141.0,9.0,3,1,4.7,0,0
1,2,0,28.0,1,0,24.0,1,2,0,56.0,12.0,2,2,1.12,0,1
1,3,0,15.0,0,0,7.225,1,1,1,45.0,7.225,1,1,1.8237082066869301,1,0
0,3,1,20.0,0,0,9.8458,0,1,1,60.0,9.8458,2,1,1.8440317911080786,0,0
0,3,1,19.0,0,0,7.8958,0,1,1,57.0,7.8958,2,1,2.1358393848782566,0,0
0,3,1,28.0,0,0,7.8958,0,1,1,84.0,7.8958,2,1,3.147552777715326,0,0
1,1,0,56.0,0,1,83.1583,1,2,0,56.0,41.57915,3,2,0.6654126806268663,0,1
1,2,0,25.0,0,1,26.0,0,2,0,50.0,13.0,2,2,0.9259259259259259,0,1
0,3,1,33.0,0,0,7.8958,0,1,1,99.0,7.8958,2,1,3.7096157737359197,0,0
0,3,0,22.0,0,0,10.5167,0,1,1,66.0,10.5167,2,1,1.9102694348207385,0,0
0,2,1,28.0,0,0,10.5,0,1,1,56.0,10.5,2,1,2.4347826086956523,0,0
0,3,1,25.0,0,0,7.05,0,1,1,75.0,7.05,2,1,3.105590062111801,0,0
0,3,0,39.0,0,5,29.125,2,6,0,117.0,4.854166666666667,3,6,1.2946058091286308,0,1
0,2,1,27.0,0,0,13.0,0,1,1,54.0,13.0,2,1,1.9285714285714286,0,0
1,1,0,19.0,0,0,30.0,0,1,1,19.0,30.0,2,1,0.6129032258064516,0,1
0,3,0,28.0,1,2,23.45,0,4,0,84.0,5.8625,2,4,1.1451942740286298,0,1
1,1,1,26.0,0,0,30.0,1,1,1,26.0,30.0,2,1,0.8387096774193549,0,1
0,3,1,32.0,0,0,7.75,2,1,1,96.0,7.75,2,1,3.657142857142857,0,0
